Unity Editor version:    6000.0.44f1 (101c91f3a8fb)
Branch:                  6000.0/release
Build type:              Release
Batch mode:              YES
macOS version:           Version 15.1 (Build 24B83)
Darwin version:          24.1.0
Architecture:            arm64
Running under Rosetta:   NO
Available memory:        16384 MB
Using pre-set license
Pro License: YES

COMMAND LINE ARGUMENTS:
/Applications/Unity/Hub/Editor/6000.0.44f1/Unity.app/Contents/MacOS/Unity
-adb2
-batchMode
-noUpm
-name
AssetImportWorker4
-projectPath
/Users/daniel/Code/UnityProj/roguelike
-logFile
Logs/AssetImportWorker4.log
-srvPort
52605
-job-worker-count
5
-background-job-worker-count
8
-gc-helper-count
1
Successfully changed project path to: /Users/daniel/Code/UnityProj/roguelike
/Users/daniel/Code/UnityProj/roguelike
[UnityMemory] Configuration Parameters - Can be set up in boot.config
    "memorysetup-bucket-allocator-granularity=16"
    "memorysetup-bucket-allocator-bucket-count=8"
    "memorysetup-bucket-allocator-block-size=33554432"
    "memorysetup-bucket-allocator-block-count=8"
    "memorysetup-main-allocator-block-size=16777216"
    "memorysetup-thread-allocator-block-size=16777216"
    "memorysetup-gfx-main-allocator-block-size=16777216"
    "memorysetup-gfx-thread-allocator-block-size=16777216"
    "memorysetup-cache-allocator-block-size=4194304"
    "memorysetup-typetree-allocator-block-size=2097152"
    "memorysetup-profiler-bucket-allocator-granularity=16"
    "memorysetup-profiler-bucket-allocator-bucket-count=8"
    "memorysetup-profiler-bucket-allocator-block-size=33554432"
    "memorysetup-profiler-bucket-allocator-block-count=8"
    "memorysetup-profiler-allocator-block-size=16777216"
    "memorysetup-profiler-editor-allocator-block-size=1048576"
    "memorysetup-temp-allocator-size-main=16777216"
    "memorysetup-job-temp-allocator-block-size=2097152"
    "memorysetup-job-temp-allocator-block-size-background=1048576"
    "memorysetup-job-temp-allocator-reduction-small-platforms=262144"
    "memorysetup-allocator-temp-initial-block-size-main=262144"
    "memorysetup-allocator-temp-initial-block-size-worker=262144"
    "memorysetup-temp-allocator-size-background-worker=32768"
    "memorysetup-temp-allocator-size-job-worker=262144"
    "memorysetup-temp-allocator-size-preload-manager=33554432"
    "memorysetup-temp-allocator-size-nav-mesh-worker=65536"
    "memorysetup-temp-allocator-size-audio-worker=65536"
    "memorysetup-temp-allocator-size-cloud-worker=32768"
    "memorysetup-temp-allocator-size-gi-baking-worker=262144"
    "memorysetup-temp-allocator-size-gi-baking-worker=262144"
    "memorysetup-temp-allocator-size-gi-baking-worker=262144"
    "memorysetup-temp-allocator-size-gi-baking-worker=262144"
    "memorysetup-temp-allocator-size-gi-baking-worker=262144"
    "memorysetup-temp-allocator-size-gfx=262144"
Player connection [8316532800]  Target information:

Player connection [8316532800]  * "[IP] 192.168.1.12 [Port] 0 [Flags] 2 [Guid] 3752114486 [EditorId] 3752114486 [Version] 1048832 [Id] OSXEditor(0,Daniels-MacBook-Pro-218.local) [Debug] 1 [PackageName] OSXEditor [ProjectName] Editor" 

Player connection [8316532800] Host joined multi-casting on [225.0.0.222:54997]...
Player connection [8316532800] Host joined alternative multi-casting on [225.0.0.222:34997]...
JobSystem: Creating JobQueue using job-worker-count value 5
Input System module state changed to: Initialized.
[Physics::Module] Initialized fallback backend.
[Physics::Module] Id: 0xdecafbad
Library Redirect Path: Library/
[Physics::Module] Selected backend.
[Physics::Module] Name: PhysX
[Physics::Module] Id: 0xf2b8ea05
[Physics::Module] SDK Version: 4.1.2
[Physics::Module] Integration Version: 1.0.0
[Physics::Module] Threading Mode: Multi-Threaded
Refreshing native plugins compatible for Editor in 4.47 ms, found 4 plugins.
Preloading 0 native plugins for Editor in 0.00 ms.
Initialize engine version: 6000.0.44f1 (101c91f3a8fb)
[Subsystems] Discovering subsystems at path /Applications/Unity/Hub/Editor/6000.0.44f1/Unity.app/Contents/Resources/UnitySubsystems
[Subsystems] Discovering subsystems at path /Users/daniel/Code/UnityProj/roguelike/Assets
GfxDevice: creating device client; kGfxThreadingModeNonThreaded
 preferred device: Apple M2 Pro (high power)
Metal devices available: 1
0: Apple M2 Pro (high power)
Using device Apple M2 Pro (high power)
Initializing Metal device caps: Apple M2 Pro
Initialize mono
Mono path[0] = '/Applications/Unity/Hub/Editor/6000.0.44f1/Unity.app/Contents/Managed'
Mono path[1] = '/Applications/Unity/Hub/Editor/6000.0.44f1/Unity.app/Contents/MonoBleedingEdge/lib/mono/unityjit-macos'
Mono config path = '/Applications/Unity/Hub/Editor/6000.0.44f1/Unity.app/Contents/MonoBleedingEdge/etc'
Using monoOptions --debugger-agent=transport=dt_socket,embedding=1,server=y,suspend=n,address=127.0.0.1:56898
Begin MonoManager ReloadAssembly
Registering precompiled unity dll's ...
Register platform support module: /Applications/Unity/Hub/Editor/6000.0.44f1/PlaybackEngines/WebGLSupport/UnityEditor.WebGL.Extensions.dll
Register platform support module: /Applications/Unity/Hub/Editor/6000.0.44f1/Unity.app/Contents/PlaybackEngines/MacStandaloneSupport/UnityEditor.OSXStandalone.Extensions.dll
Register platform support module: /Applications/Unity/Hub/Editor/6000.0.44f1/PlaybackEngines/WindowsStandaloneSupport/UnityEditor.WindowsStandalone.Extensions.dll
Registered in 0.003496 seconds.
- Loaded All Assemblies, in  0.270 seconds
Native extension for WindowsStandalone target not found
Native extension for OSXStandalone target not found
Native extension for WebGL target not found
Mono: successfully reloaded assembly
- Finished resetting the current domain, in  0.237 seconds
Domain Reload Profiling: 507ms
	BeginReloadAssembly (90ms)
		ExecutionOrderSort (0ms)
		DisableScriptedObjects (0ms)
		BackupInstance (0ms)
		ReleaseScriptingObjects (0ms)
		CreateAndSetChildDomain (0ms)
	RebuildCommonClasses (26ms)
	RebuildNativeTypeToScriptingClass (9ms)
	initialDomainReloadingComplete (30ms)
	LoadAllAssembliesAndSetupDomain (115ms)
		LoadAssemblies (91ms)
		RebuildTransferFunctionScriptingTraits (0ms)
		AnalyzeDomain (112ms)
			TypeCache.Refresh (110ms)
				TypeCache.ScanAssembly (100ms)
			BuildScriptInfoCaches (0ms)
			ResolveRequiredComponents (1ms)
	FinalizeReload (237ms)
		ReleaseScriptCaches (0ms)
		RebuildScriptCaches (0ms)
		SetupLoadedEditorAssemblies (206ms)
			LogAssemblyErrors (0ms)
			InitializePlatformSupportModulesInManaged (28ms)
			SetLoadedEditorAssemblies (3ms)
			BeforeProcessingInitializeOnLoad (37ms)
			ProcessInitializeOnLoadAttributes (95ms)
			ProcessInitializeOnLoadMethodAttributes (43ms)
			AfterProcessingInitializeOnLoad (0ms)
			EditorAssembliesLoaded (0ms)
		ExecutionOrderSort2 (0ms)
		AwakeInstancesAfterBackupRestoration (0ms)
Assembly reference Packages/com.unity.cinemachine/Editor/Samples/ExposeHDRPInternals/HDRP-Editor-ref.asmref has no target assembly definition
========================================================================
Worker process is ready to serve import requests
Import Worker Mode flag is 0x00
Assembly reference Packages/com.unity.cinemachine/Editor/Samples/ExposeHDRPInternals/HDRP-Editor-ref.asmref has no target assembly definition
Assembly reference Packages/com.unity.cinemachine/Editor/Samples/ExposeHDRPInternals/HDRP-Editor-ref.asmref has no target assembly definition
Begin MonoManager ReloadAssembly
- Loaded All Assemblies, in  0.468 seconds
Assembly reference Packages/com.unity.cinemachine/Editor/Samples/ExposeHDRPInternals/HDRP-Editor-ref.asmref has no target assembly definition
'Packages/com.unity.cinemachine/Editor/Obsolete/CinemachineVirtualCameraBaseEditor.cs' contains partial class of Unity.Object, exactly 1 of the partial classes needs to be in a file with the same filename. This is to know the one that can be referenced from ie. GameObjects
'Packages/com.unity.cinemachine/Editor/Editors/CinemachineVirtualCameraBaseEditor.cs' contains partial class of Unity.Object, exactly 1 of the partial classes needs to be in a file with the same filename. This is to know the one that can be referenced from ie. GameObjects
Refreshing native plugins compatible for Editor in 0.39 ms, found 4 plugins.
Native extension for WindowsStandalone target not found
Native extension for OSXStandalone target not found
Native extension for WebGL target not found
Assembly reference Packages/com.unity.cinemachine/Editor/Samples/ExposeHDRPInternals/HDRP-Editor-ref.asmref has no target assembly definition
Package Manager log level set to [2]
[Package Manager] Failed to launch server process. Reason: Unity was launched with the -noUpm command-line argument
[Package Manager] Unable to send message (not connected to server process).
[Package Manager] Cannot connect to Unity Package Manager local server
Refreshing native plugins compatible for Editor in 0.54 ms, found 4 plugins.
Mono: successfully reloaded assembly
- Finished resetting the current domain, in  0.476 seconds
Domain Reload Profiling: 944ms
	BeginReloadAssembly (80ms)
		ExecutionOrderSort (0ms)
		DisableScriptedObjects (4ms)
		BackupInstance (0ms)
		ReleaseScriptingObjects (0ms)
		CreateAndSetChildDomain (24ms)
	RebuildCommonClasses (25ms)
	RebuildNativeTypeToScriptingClass (9ms)
	initialDomainReloadingComplete (20ms)
	LoadAllAssembliesAndSetupDomain (334ms)
		LoadAssemblies (194ms)
		RebuildTransferFunctionScriptingTraits (0ms)
		AnalyzeDomain (174ms)
			TypeCache.Refresh (136ms)
				TypeCache.ScanAssembly (122ms)
			BuildScriptInfoCaches (28ms)
			ResolveRequiredComponents (8ms)
	FinalizeReload (476ms)
		ReleaseScriptCaches (0ms)
		RebuildScriptCaches (0ms)
		SetupLoadedEditorAssemblies (384ms)
			LogAssemblyErrors (0ms)
			InitializePlatformSupportModulesInManaged (2ms)
			SetLoadedEditorAssemblies (3ms)
			BeforeProcessingInitializeOnLoad (72ms)
			ProcessInitializeOnLoadAttributes (247ms)
			ProcessInitializeOnLoadMethodAttributes (59ms)
			AfterProcessingInitializeOnLoad (1ms)
			EditorAssembliesLoaded (0ms)
		ExecutionOrderSort2 (0ms)
		AwakeInstancesAfterBackupRestoration (2ms)
Launching external process: /Applications/Unity/Hub/Editor/6000.0.44f1/Unity.app/Contents/Tools/UnityShaderCompiler
Launched and connected shader compiler UnityShaderCompiler after 0.03 seconds
Refreshing native plugins compatible for Editor in 0.56 ms, found 4 plugins.
Preloading 0 native plugins for Editor in 0.00 ms.
Unloading 215 Unused Serialized files (Serialized files now loaded: 0)
Unloading 6923 unused Assets / (4.1 MB). Loaded Objects now: 7622.
Memory consumption went from 167.7 MB to 163.6 MB.
Total: 5.857125 ms (FindLiveObjects: 0.349083 ms CreateObjectMapping: 0.245417 ms MarkObjects: 3.670375 ms  DeleteObjects: 1.591917 ms)

========================================================================
Received Prepare
Assembly reference Packages/com.unity.cinemachine/Editor/Samples/ExposeHDRPInternals/HDRP-Editor-ref.asmref has no target assembly definition
Assembly reference Packages/com.unity.cinemachine/Editor/Samples/ExposeHDRPInternals/HDRP-Editor-ref.asmref has no target assembly definition
Begin MonoManager ReloadAssembly
Thread 0x3365cb000 may have been prematurely finalized
- Loaded All Assemblies, in  0.452 seconds
Assembly reference Packages/com.unity.cinemachine/Editor/Samples/ExposeHDRPInternals/HDRP-Editor-ref.asmref has no target assembly definition
'Packages/com.unity.cinemachine/Editor/Obsolete/CinemachineVirtualCameraBaseEditor.cs' contains partial class of Unity.Object, exactly 1 of the partial classes needs to be in a file with the same filename. This is to know the one that can be referenced from ie. GameObjects
'Packages/com.unity.cinemachine/Editor/Editors/CinemachineVirtualCameraBaseEditor.cs' contains partial class of Unity.Object, exactly 1 of the partial classes needs to be in a file with the same filename. This is to know the one that can be referenced from ie. GameObjects
Refreshing native plugins compatible for Editor in 0.38 ms, found 4 plugins.
Native extension for WindowsStandalone target not found
Native extension for OSXStandalone target not found
Native extension for WebGL target not found
Assembly reference Packages/com.unity.cinemachine/Editor/Samples/ExposeHDRPInternals/HDRP-Editor-ref.asmref has no target assembly definition
[Package Manager] Failed to launch server process. Reason: Unity was launched with the -noUpm command-line argument
[Package Manager] Unable to send message (not connected to server process).
[Package Manager] Cannot connect to Unity Package Manager local server
Refreshing native plugins compatible for Editor in 0.46 ms, found 4 plugins.
Mono: successfully reloaded assembly
- Finished resetting the current domain, in  0.539 seconds
Domain Reload Profiling: 993ms
	BeginReloadAssembly (107ms)
		ExecutionOrderSort (0ms)
		DisableScriptedObjects (3ms)
		BackupInstance (0ms)
		ReleaseScriptingObjects (0ms)
		CreateAndSetChildDomain (43ms)
	RebuildCommonClasses (26ms)
	RebuildNativeTypeToScriptingClass (9ms)
	initialDomainReloadingComplete (13ms)
	LoadAllAssembliesAndSetupDomain (298ms)
		LoadAssemblies (197ms)
		RebuildTransferFunctionScriptingTraits (0ms)
		AnalyzeDomain (132ms)
			TypeCache.Refresh (9ms)
				TypeCache.ScanAssembly (0ms)
			BuildScriptInfoCaches (113ms)
			ResolveRequiredComponents (8ms)
	FinalizeReload (539ms)
		ReleaseScriptCaches (0ms)
		RebuildScriptCaches (0ms)
		SetupLoadedEditorAssemblies (392ms)
			LogAssemblyErrors (0ms)
			InitializePlatformSupportModulesInManaged (3ms)
			SetLoadedEditorAssemblies (3ms)
			BeforeProcessingInitializeOnLoad (86ms)
			ProcessInitializeOnLoadAttributes (255ms)
			ProcessInitializeOnLoadMethodAttributes (44ms)
			AfterProcessingInitializeOnLoad (1ms)
			EditorAssembliesLoaded (0ms)
		ExecutionOrderSort2 (0ms)
		AwakeInstancesAfterBackupRestoration (6ms)
Refreshing native plugins compatible for Editor in 0.44 ms, found 4 plugins.
Preloading 0 native plugins for Editor in 0.00 ms.
Unloading 25 Unused Serialized files (Serialized files now loaded: 0)
Unloading 6921 unused Assets / (4.2 MB). Loaded Objects now: 7637.
Memory consumption went from 155.0 MB to 150.8 MB.
Total: 6.349833 ms (FindLiveObjects: 0.397875 ms CreateObjectMapping: 0.265792 ms MarkObjects: 4.138958 ms  DeleteObjects: 1.546542 ms)

Prepare: number of updated asset objects reloaded= 0
========================================================================
Received Import Request.
  Time since last request: 80108.376099 seconds.
  path: Assets/shabenemy.prefab
  artifactKey: Guid(f025aae067eae4f27a4817a44ab7b7c6) Importer(815301076,1909f56bfc062723c751e8b465ee728b)
Start importing Assets/shabenemy.prefab using Guid(f025aae067eae4f27a4817a44ab7b7c6) Importer(815301076,1909f56bfc062723c751e8b465ee728b) (PreviewImporter) -> (artifact id: '706cfdd4bfe66632d5df9d010048cf5d') in 0.305821 seconds
Number of updated asset objects reloaded before import = 0Number of asset objects unloaded after import = 49

========================================================================
Received Import Request.
  Time since last request: 0.000054 seconds.
  path: Assets/DungeonSpawner.prefab
  artifactKey: Guid(b08282e64f04f85499e32c646cfe77d4) Importer(815301076,1909f56bfc062723c751e8b465ee728b)
Start importing Assets/DungeonSpawner.prefab using Guid(b08282e64f04f85499e32c646cfe77d4) Importer(815301076,1909f56bfc062723c751e8b465ee728b) (PreviewImporter) -> (artifact id: 'd5787b4c8c71ee04fae59f27559def46') in 0.038657791 seconds
Number of updated asset objects reloaded before import = 0Number of asset objects unloaded after import = 667

========================================================================
Received Prepare
'Packages/com.unity.cinemachine/Editor/Obsolete/CinemachineVirtualCameraBaseEditor.cs' contains partial class of Unity.Object, exactly 1 of the partial classes needs to be in a file with the same filename. This is to know the one that can be referenced from ie. GameObjects
'Packages/com.unity.cinemachine/Editor/Editors/CinemachineVirtualCameraBaseEditor.cs' contains partial class of Unity.Object, exactly 1 of the partial classes needs to be in a file with the same filename. This is to know the one that can be referenced from ie. GameObjects
Refreshing native plugins compatible for Editor in 1.20 ms, found 4 plugins.
Preloading 0 native plugins for Editor in 0.00 ms.
Unloading 15 Unused Serialized files (Serialized files now loaded: 0)
Unloading 6913 unused Assets / (4.1 MB). Loaded Objects now: 7794.
Memory consumption went from 159.1 MB to 155.0 MB.
Total: 8.038083 ms (FindLiveObjects: 0.417875 ms CreateObjectMapping: 0.270042 ms MarkObjects: 5.690417 ms  DeleteObjects: 1.659541 ms)

Prepare: number of updated asset objects reloaded= 0
========================================================================
Received Prepare
'Packages/com.unity.cinemachine/Editor/Obsolete/CinemachineVirtualCameraBaseEditor.cs' contains partial class of Unity.Object, exactly 1 of the partial classes needs to be in a file with the same filename. This is to know the one that can be referenced from ie. GameObjects
'Packages/com.unity.cinemachine/Editor/Editors/CinemachineVirtualCameraBaseEditor.cs' contains partial class of Unity.Object, exactly 1 of the partial classes needs to be in a file with the same filename. This is to know the one that can be referenced from ie. GameObjects
Refreshing native plugins compatible for Editor in 0.37 ms, found 2 plugins.
Preloading 0 native plugins for Editor in 0.00 ms.
Unloading 15 Unused Serialized files (Serialized files now loaded: 0)
Unloading 6802 unused Assets / (4.2 MB). Loaded Objects now: 7686.
Memory consumption went from 158.9 MB to 154.7 MB.
Total: 14.288250 ms (FindLiveObjects: 0.469209 ms CreateObjectMapping: 0.249875 ms MarkObjects: 11.995125 ms  DeleteObjects: 1.574000 ms)

Prepare: number of updated asset objects reloaded= 0
========================================================================
Received Prepare
'Packages/com.unity.cinemachine/Editor/Obsolete/CinemachineVirtualCameraBaseEditor.cs' contains partial class of Unity.Object, exactly 1 of the partial classes needs to be in a file with the same filename. This is to know the one that can be referenced from ie. GameObjects
'Packages/com.unity.cinemachine/Editor/Editors/CinemachineVirtualCameraBaseEditor.cs' contains partial class of Unity.Object, exactly 1 of the partial classes needs to be in a file with the same filename. This is to know the one that can be referenced from ie. GameObjects
Refreshing native plugins compatible for Editor in 0.46 ms, found 2 plugins.
Preloading 0 native plugins for Editor in 0.00 ms.
Unloading 15 Unused Serialized files (Serialized files now loaded: 0)
Unloading 6911 unused Assets / (3.9 MB). Loaded Objects now: 7795.
Memory consumption went from 159.1 MB to 155.2 MB.
Total: 7.734375 ms (FindLiveObjects: 0.399666 ms CreateObjectMapping: 0.241292 ms MarkObjects: 5.644583 ms  DeleteObjects: 1.448250 ms)

Prepare: number of updated asset objects reloaded= 0
========================================================================
Received Prepare
'Packages/com.unity.cinemachine/Editor/Obsolete/CinemachineVirtualCameraBaseEditor.cs' contains partial class of Unity.Object, exactly 1 of the partial classes needs to be in a file with the same filename. This is to know the one that can be referenced from ie. GameObjects
'Packages/com.unity.cinemachine/Editor/Editors/CinemachineVirtualCameraBaseEditor.cs' contains partial class of Unity.Object, exactly 1 of the partial classes needs to be in a file with the same filename. This is to know the one that can be referenced from ie. GameObjects
Refreshing native plugins compatible for Editor in 0.33 ms, found 2 plugins.
Preloading 0 native plugins for Editor in 0.00 ms.
Unloading 15 Unused Serialized files (Serialized files now loaded: 0)
Unloading 6912 unused Assets / (4.2 MB). Loaded Objects now: 7796.
Memory consumption went from 159.1 MB to 154.9 MB.
Total: 7.401334 ms (FindLiveObjects: 0.400792 ms CreateObjectMapping: 0.256125 ms MarkObjects: 5.200625 ms  DeleteObjects: 1.543209 ms)

Prepare: number of updated asset objects reloaded= 0
========================================================================
Received Prepare
'Packages/com.unity.cinemachine/Editor/Obsolete/CinemachineVirtualCameraBaseEditor.cs' contains partial class of Unity.Object, exactly 1 of the partial classes needs to be in a file with the same filename. This is to know the one that can be referenced from ie. GameObjects
'Packages/com.unity.cinemachine/Editor/Editors/CinemachineVirtualCameraBaseEditor.cs' contains partial class of Unity.Object, exactly 1 of the partial classes needs to be in a file with the same filename. This is to know the one that can be referenced from ie. GameObjects
Refreshing native plugins compatible for Editor in 0.33 ms, found 2 plugins.
Preloading 0 native plugins for Editor in 0.00 ms.
Unloading 15 Unused Serialized files (Serialized files now loaded: 0)
Unloading 6911 unused Assets / (4.1 MB). Loaded Objects now: 7795.
Memory consumption went from 159.1 MB to 155.0 MB.
Total: 7.210041 ms (FindLiveObjects: 0.400709 ms CreateObjectMapping: 0.240084 ms MarkObjects: 5.118542 ms  DeleteObjects: 1.450250 ms)

Prepare: number of updated asset objects reloaded= 0
========================================================================
Received Prepare
Assembly with name 'SteamNetworkingSockets Transport for Netcode for GameObjects' already exists (Packages/com.community.netcode.transport.steamnetworkingsockets/Runtime/com.community.netcode.transport.steamnetworkingsockets.asmdef)
Assembly with name 'SteamNetworkingSockets Transport for Netcode for GameObjects' already exists (Assets/SteamTransport/Runtime/com.community.netcode.transport.steamnetworkingsockets.asmdef)
Assembly with name 'com.rlabrecque.steamworks.net' already exists (Assets/com.rlabrecque.steamworks.net/Runtime/com.rlabrecque.steamworks.net.asmdef)
Assembly with name 'com.rlabrecque.steamworks.net' already exists (Packages/com.rlabrecque.steamworks.net/Runtime/com.rlabrecque.steamworks.net.asmdef)
Assembly reference Packages/com.unity.cinemachine/Editor/Samples/ExposeHDRPInternals/HDRP-Editor-ref.asmref has no target assembly definition
Script 'Packages/com.community.netcode.transport.steamnetworkingsockets/Runtime/SteamNetworkingSocketsTransport.cs' will not be compiled because it exists outside the Assets folder and does not to belong to any assembly definition file.
Assembly with name 'SteamNetworkingSockets Transport for Netcode for GameObjects' already exists (Packages/com.community.netcode.transport.steamnetworkingsockets/Runtime/com.community.netcode.transport.steamnetworkingsockets.asmdef)
Assembly with name 'SteamNetworkingSockets Transport for Netcode for GameObjects' already exists (Assets/SteamTransport/Runtime/com.community.netcode.transport.steamnetworkingsockets.asmdef)
Assembly with name 'com.rlabrecque.steamworks.net' already exists (Assets/com.rlabrecque.steamworks.net/Runtime/com.rlabrecque.steamworks.net.asmdef)
Assembly with name 'com.rlabrecque.steamworks.net' already exists (Packages/com.rlabrecque.steamworks.net/Runtime/com.rlabrecque.steamworks.net.asmdef)
Assembly reference Packages/com.unity.cinemachine/Editor/Samples/ExposeHDRPInternals/HDRP-Editor-ref.asmref has no target assembly definition
Script 'Packages/com.community.netcode.transport.steamnetworkingsockets/Runtime/SteamNetworkingSocketsTransport.cs' will not be compiled because it exists outside the Assets folder and does not to belong to any assembly definition file.
Begin MonoManager ReloadAssembly
Thread 0x3195fb000 may have been prematurely finalized
- Loaded All Assemblies, in  0.470 seconds
Assembly with name 'SteamNetworkingSockets Transport for Netcode for GameObjects' already exists (Packages/com.community.netcode.transport.steamnetworkingsockets/Runtime/com.community.netcode.transport.steamnetworkingsockets.asmdef)
Assembly with name 'SteamNetworkingSockets Transport for Netcode for GameObjects' already exists (Assets/SteamTransport/Runtime/com.community.netcode.transport.steamnetworkingsockets.asmdef)
Assembly with name 'com.rlabrecque.steamworks.net' already exists (Assets/com.rlabrecque.steamworks.net/Runtime/com.rlabrecque.steamworks.net.asmdef)
Assembly with name 'com.rlabrecque.steamworks.net' already exists (Packages/com.rlabrecque.steamworks.net/Runtime/com.rlabrecque.steamworks.net.asmdef)
Assembly reference Packages/com.unity.cinemachine/Editor/Samples/ExposeHDRPInternals/HDRP-Editor-ref.asmref has no target assembly definition
Script 'Packages/com.community.netcode.transport.steamnetworkingsockets/Runtime/SteamNetworkingSocketsTransport.cs' will not be compiled because it exists outside the Assets folder and does not to belong to any assembly definition file.
'Packages/com.unity.cinemachine/Editor/Obsolete/CinemachineVirtualCameraBaseEditor.cs' contains partial class of Unity.Object, exactly 1 of the partial classes needs to be in a file with the same filename. This is to know the one that can be referenced from ie. GameObjects
'Packages/com.unity.cinemachine/Editor/Editors/CinemachineVirtualCameraBaseEditor.cs' contains partial class of Unity.Object, exactly 1 of the partial classes needs to be in a file with the same filename. This is to know the one that can be referenced from ie. GameObjects
Refreshing native plugins compatible for Editor in 0.60 ms, found 3 plugins.
Assertion failed on expression: 'pred(*previous, *i)'
Assertion failed on expression: 'pred(*previous, *i)'
Native extension for WindowsStandalone target not found
Native extension for OSXStandalone target not found
Native extension for WebGL target not found
Assembly with name 'SteamNetworkingSockets Transport for Netcode for GameObjects' already exists (Packages/com.community.netcode.transport.steamnetworkingsockets/Runtime/com.community.netcode.transport.steamnetworkingsockets.asmdef)
Assembly with name 'SteamNetworkingSockets Transport for Netcode for GameObjects' already exists (Assets/SteamTransport/Runtime/com.community.netcode.transport.steamnetworkingsockets.asmdef)
Assembly with name 'com.rlabrecque.steamworks.net' already exists (Assets/com.rlabrecque.steamworks.net/Runtime/com.rlabrecque.steamworks.net.asmdef)
Assembly with name 'com.rlabrecque.steamworks.net' already exists (Packages/com.rlabrecque.steamworks.net/Runtime/com.rlabrecque.steamworks.net.asmdef)
Assembly reference Packages/com.unity.cinemachine/Editor/Samples/ExposeHDRPInternals/HDRP-Editor-ref.asmref has no target assembly definition
Script 'Packages/com.community.netcode.transport.steamnetworkingsockets/Runtime/SteamNetworkingSocketsTransport.cs' will not be compiled because it exists outside the Assets folder and does not to belong to any assembly definition file.
[Package Manager] Failed to launch server process. Reason: Unity was launched with the -noUpm command-line argument
[Package Manager] Unable to send message (not connected to server process).
[Package Manager] Cannot connect to Unity Package Manager local server
Refreshing native plugins compatible for Editor in 0.45 ms, found 3 plugins.
Mono: successfully reloaded assembly
- Finished resetting the current domain, in  0.452 seconds
Domain Reload Profiling: 925ms
	BeginReloadAssembly (154ms)
		ExecutionOrderSort (0ms)
		DisableScriptedObjects (18ms)
		BackupInstance (0ms)
		ReleaseScriptingObjects (0ms)
		CreateAndSetChildDomain (70ms)
	RebuildCommonClasses (25ms)
	RebuildNativeTypeToScriptingClass (9ms)
	initialDomainReloadingComplete (14ms)
	LoadAllAssembliesAndSetupDomain (271ms)
		LoadAssemblies (181ms)
		RebuildTransferFunctionScriptingTraits (0ms)
		AnalyzeDomain (124ms)
			TypeCache.Refresh (12ms)
				TypeCache.ScanAssembly (2ms)
			BuildScriptInfoCaches (101ms)
			ResolveRequiredComponents (7ms)
	FinalizeReload (452ms)
		ReleaseScriptCaches (0ms)
		RebuildScriptCaches (0ms)
		SetupLoadedEditorAssemblies (329ms)
			LogAssemblyErrors (0ms)
			InitializePlatformSupportModulesInManaged (2ms)
			SetLoadedEditorAssemblies (2ms)
			BeforeProcessingInitializeOnLoad (70ms)
			ProcessInitializeOnLoadAttributes (220ms)
			ProcessInitializeOnLoadMethodAttributes (34ms)
			AfterProcessingInitializeOnLoad (1ms)
			EditorAssembliesLoaded (0ms)
		ExecutionOrderSort2 (0ms)
		AwakeInstancesAfterBackupRestoration (5ms)
Refreshing native plugins compatible for Editor in 0.46 ms, found 3 plugins.
Preloading 0 native plugins for Editor in 0.00 ms.
Unloading 15 Unused Serialized files (Serialized files now loaded: 0)
Unloading 6923 unused Assets / (4.2 MB). Loaded Objects now: 7676.
Memory consumption went from 161.6 MB to 157.4 MB.
Total: 5.351750 ms (FindLiveObjects: 0.287834 ms CreateObjectMapping: 0.215333 ms MarkObjects: 3.597625 ms  DeleteObjects: 1.250542 ms)

Prepare: number of updated asset objects reloaded= 0
========================================================================
Received Prepare
Assembly with name 'SteamNetworkingSockets Transport for Netcode for GameObjects' already exists (Packages/com.community.netcode.transport.steamnetworkingsockets/Runtime/com.community.netcode.transport.steamnetworkingsockets.asmdef)
Assembly with name 'SteamNetworkingSockets Transport for Netcode for GameObjects' already exists (Assets/SteamTransport/Runtime/com.community.netcode.transport.steamnetworkingsockets.asmdef)
Assembly with name 'com.rlabrecque.steamworks.net' already exists (Assets/com.rlabrecque.steamworks.net/Runtime/com.rlabrecque.steamworks.net.asmdef)
Assembly with name 'com.rlabrecque.steamworks.net' already exists (Packages/com.rlabrecque.steamworks.net/Runtime/com.rlabrecque.steamworks.net.asmdef)
Assembly reference Packages/com.unity.cinemachine/Editor/Samples/ExposeHDRPInternals/HDRP-Editor-ref.asmref has no target assembly definition
Script 'Packages/com.community.netcode.transport.steamnetworkingsockets/Runtime/SteamNetworkingSocketsTransport.cs' will not be compiled because it exists outside the Assets folder and does not to belong to any assembly definition file.
Assembly with name 'SteamNetworkingSockets Transport for Netcode for GameObjects' already exists (Packages/com.community.netcode.transport.steamnetworkingsockets/Runtime/com.community.netcode.transport.steamnetworkingsockets.asmdef)
Assembly with name 'SteamNetworkingSockets Transport for Netcode for GameObjects' already exists (Assets/SteamTransport/Runtime/com.community.netcode.transport.steamnetworkingsockets.asmdef)
Assembly with name 'com.rlabrecque.steamworks.net' already exists (Assets/com.rlabrecque.steamworks.net/Runtime/com.rlabrecque.steamworks.net.asmdef)
Assembly with name 'com.rlabrecque.steamworks.net' already exists (Packages/com.rlabrecque.steamworks.net/Runtime/com.rlabrecque.steamworks.net.asmdef)
Assembly reference Packages/com.unity.cinemachine/Editor/Samples/ExposeHDRPInternals/HDRP-Editor-ref.asmref has no target assembly definition
Script 'Packages/com.community.netcode.transport.steamnetworkingsockets/Runtime/SteamNetworkingSocketsTransport.cs' will not be compiled because it exists outside the Assets folder and does not to belong to any assembly definition file.
Begin MonoManager ReloadAssembly
Thread 0x3195fb000 may have been prematurely finalized
- Loaded All Assemblies, in  0.476 seconds
Assembly with name 'SteamNetworkingSockets Transport for Netcode for GameObjects' already exists (Packages/com.community.netcode.transport.steamnetworkingsockets/Runtime/com.community.netcode.transport.steamnetworkingsockets.asmdef)
Assembly with name 'SteamNetworkingSockets Transport for Netcode for GameObjects' already exists (Assets/SteamTransport/Runtime/com.community.netcode.transport.steamnetworkingsockets.asmdef)
Assembly with name 'com.rlabrecque.steamworks.net' already exists (Assets/com.rlabrecque.steamworks.net/Runtime/com.rlabrecque.steamworks.net.asmdef)
Assembly with name 'com.rlabrecque.steamworks.net' already exists (Packages/com.rlabrecque.steamworks.net/Runtime/com.rlabrecque.steamworks.net.asmdef)
Assembly reference Packages/com.unity.cinemachine/Editor/Samples/ExposeHDRPInternals/HDRP-Editor-ref.asmref has no target assembly definition
Script 'Packages/com.community.netcode.transport.steamnetworkingsockets/Runtime/SteamNetworkingSocketsTransport.cs' will not be compiled because it exists outside the Assets folder and does not to belong to any assembly definition file.
'Packages/com.unity.cinemachine/Editor/Obsolete/CinemachineVirtualCameraBaseEditor.cs' contains partial class of Unity.Object, exactly 1 of the partial classes needs to be in a file with the same filename. This is to know the one that can be referenced from ie. GameObjects
'Packages/com.unity.cinemachine/Editor/Editors/CinemachineVirtualCameraBaseEditor.cs' contains partial class of Unity.Object, exactly 1 of the partial classes needs to be in a file with the same filename. This is to know the one that can be referenced from ie. GameObjects
Refreshing native plugins compatible for Editor in 0.39 ms, found 3 plugins.
Assertion failed on expression: 'pred(*previous, *i)'
Assertion failed on expression: 'pred(*previous, *i)'
Native extension for WindowsStandalone target not found
Native extension for OSXStandalone target not found
Native extension for WebGL target not found
Assembly with name 'SteamNetworkingSockets Transport for Netcode for GameObjects' already exists (Packages/com.community.netcode.transport.steamnetworkingsockets/Runtime/com.community.netcode.transport.steamnetworkingsockets.asmdef)
Assembly with name 'SteamNetworkingSockets Transport for Netcode for GameObjects' already exists (Assets/SteamTransport/Runtime/com.community.netcode.transport.steamnetworkingsockets.asmdef)
Assembly with name 'com.rlabrecque.steamworks.net' already exists (Assets/com.rlabrecque.steamworks.net/Runtime/com.rlabrecque.steamworks.net.asmdef)
Assembly with name 'com.rlabrecque.steamworks.net' already exists (Packages/com.rlabrecque.steamworks.net/Runtime/com.rlabrecque.steamworks.net.asmdef)
Assembly reference Packages/com.unity.cinemachine/Editor/Samples/ExposeHDRPInternals/HDRP-Editor-ref.asmref has no target assembly definition
Script 'Packages/com.community.netcode.transport.steamnetworkingsockets/Runtime/SteamNetworkingSocketsTransport.cs' will not be compiled because it exists outside the Assets folder and does not to belong to any assembly definition file.
[Package Manager] Failed to launch server process. Reason: Unity was launched with the -noUpm command-line argument
[Package Manager] Unable to send message (not connected to server process).
[Package Manager] Cannot connect to Unity Package Manager local server
Refreshing native plugins compatible for Editor in 0.46 ms, found 3 plugins.
Mono: successfully reloaded assembly
- Finished resetting the current domain, in  0.446 seconds
Domain Reload Profiling: 924ms
	BeginReloadAssembly (150ms)
		ExecutionOrderSort (0ms)
		DisableScriptedObjects (7ms)
		BackupInstance (0ms)
		ReleaseScriptingObjects (1ms)
		CreateAndSetChildDomain (67ms)
	RebuildCommonClasses (26ms)
	RebuildNativeTypeToScriptingClass (9ms)
	initialDomainReloadingComplete (18ms)
	LoadAllAssembliesAndSetupDomain (275ms)
		LoadAssemblies (187ms)
		RebuildTransferFunctionScriptingTraits (0ms)
		AnalyzeDomain (122ms)
			TypeCache.Refresh (8ms)
				TypeCache.ScanAssembly (0ms)
			BuildScriptInfoCaches (104ms)
			ResolveRequiredComponents (7ms)
	FinalizeReload (446ms)
		ReleaseScriptCaches (0ms)
		RebuildScriptCaches (0ms)
		SetupLoadedEditorAssemblies (329ms)
			LogAssemblyErrors (0ms)
			InitializePlatformSupportModulesInManaged (2ms)
			SetLoadedEditorAssemblies (2ms)
			BeforeProcessingInitializeOnLoad (69ms)
			ProcessInitializeOnLoadAttributes (219ms)
			ProcessInitializeOnLoadMethodAttributes (36ms)
			AfterProcessingInitializeOnLoad (0ms)
			EditorAssembliesLoaded (0ms)
		ExecutionOrderSort2 (0ms)
		AwakeInstancesAfterBackupRestoration (5ms)
Refreshing native plugins compatible for Editor in 0.53 ms, found 3 plugins.
Preloading 0 native plugins for Editor in 0.00 ms.
Unloading 15 Unused Serialized files (Serialized files now loaded: 0)
Unloading 6923 unused Assets / (3.8 MB). Loaded Objects now: 7678.
Memory consumption went from 161.4 MB to 157.6 MB.
Total: 5.771875 ms (FindLiveObjects: 0.326541 ms CreateObjectMapping: 0.339417 ms MarkObjects: 3.724500 ms  DeleteObjects: 1.381250 ms)

Prepare: number of updated asset objects reloaded= 0
========================================================================
Received Import Request.
  Time since last request: 471.286105 seconds.
  path: Packages/com.unity.netcode.gameobjects/package.json
  artifactKey: Guid(1d54835385782194a91c301198674dd8) Importer(815301076,1909f56bfc062723c751e8b465ee728b)
Start importing Packages/com.unity.netcode.gameobjects/package.json using Guid(1d54835385782194a91c301198674dd8) Importer(815301076,1909f56bfc062723c751e8b465ee728b) (PreviewImporter) -> (artifact id: '202e72def04195dceddad4e32617a680') in 0.017056125 seconds
Number of updated asset objects reloaded before import = 0Number of asset objects unloaded after import = 1

========================================================================
Received Import Request.
  Time since last request: 2.140493 seconds.
  path: Packages/com.community.netcode.transport.steamnetworkingsockets/package.json
  artifactKey: Guid(553e5c0d0214d5849abdd9a465394696) Importer(815301076,1909f56bfc062723c751e8b465ee728b)
Start importing Packages/com.community.netcode.transport.steamnetworkingsockets/package.json using Guid(553e5c0d0214d5849abdd9a465394696) Importer(815301076,1909f56bfc062723c751e8b465ee728b) (PreviewImporter) -> (artifact id: '0a17600a4038d7611f7cd45d35beeaaf') in 0.000685458 seconds
Number of updated asset objects reloaded before import = 0Number of asset objects unloaded after import = 1

========================================================================
Received Import Request.
  Time since last request: 1.161138 seconds.
  path: Packages/com.community.netcode.transport.steamnetworkingsockets/Runtime
  artifactKey: Guid(a8e5e412fec28534c86d8f84fe01a075) Importer(815301076,1909f56bfc062723c751e8b465ee728b)
Start importing Packages/com.community.netcode.transport.steamnetworkingsockets/Runtime using Guid(a8e5e412fec28534c86d8f84fe01a075) Importer(815301076,1909f56bfc062723c751e8b465ee728b) (PreviewImporter) -> (artifact id: 'fa434cd560b80b1b7cc45155d2ac7489') in 0.000337208 seconds
Number of updated asset objects reloaded before import = 0Number of asset objects unloaded after import = 0

========================================================================
Received Import Request.
  Time since last request: 0.054248 seconds.
  path: Packages/com.community.netcode.transport.steamnetworkingsockets/Runtime/com.community.netcode.transport.steamnetworkingsockets.asmdef
  artifactKey: Guid(98d94cfe204587a4f92ed81e64a8e624) Importer(815301076,1909f56bfc062723c751e8b465ee728b)
Start importing Packages/com.community.netcode.transport.steamnetworkingsockets/Runtime/com.community.netcode.transport.steamnetworkingsockets.asmdef using Guid(98d94cfe204587a4f92ed81e64a8e624) Importer(815301076,1909f56bfc062723c751e8b465ee728b) (PreviewImporter) -> (artifact id: '06cbe0687a9edf9c54b97562c1d4201c') in 0.000321625 seconds
Number of updated asset objects reloaded before import = 0Number of asset objects unloaded after import = 0

========================================================================
Received Import Request.
  Time since last request: 0.735308 seconds.
  path: Packages/com.community.netcode.transport.steamnetworkingsockets/Runtime/SteamNetworkingSocketsTransport.cs
  artifactKey: Guid(fc4ccaff1920208429cca7c350560301) Importer(815301076,1909f56bfc062723c751e8b465ee728b)
Start importing Packages/com.community.netcode.transport.steamnetworkingsockets/Runtime/SteamNetworkingSocketsTransport.cs using Guid(fc4ccaff1920208429cca7c350560301) Importer(815301076,1909f56bfc062723c751e8b465ee728b) (PreviewImporter) -> (artifact id: 'e3fbaa031da9d0a16f3f6743e08750c3') in 0.000292875 seconds
Number of updated asset objects reloaded before import = 0Number of asset objects unloaded after import = 0

========================================================================
Received Prepare
Assembly with name 'SteamNetworkingSockets Transport for Netcode for GameObjects' already exists (Packages/com.community.netcode.transport.steamnetworkingsockets/Runtime/com.community.netcode.transport.steamnetworkingsockets.asmdef)
Assembly with name 'SteamNetworkingSockets Transport for Netcode for GameObjects' already exists (Assets/SteamTransport/Runtime/com.community.netcode.transport.steamnetworkingsockets.asmdef)
Assembly with name 'com.rlabrecque.steamworks.net' already exists (Assets/com.rlabrecque.steamworks.net/Runtime/com.rlabrecque.steamworks.net.asmdef)
Assembly with name 'com.rlabrecque.steamworks.net' already exists (Packages/com.rlabrecque.steamworks.net/Runtime/com.rlabrecque.steamworks.net.asmdef)
Assembly reference Packages/com.unity.cinemachine/Editor/Samples/ExposeHDRPInternals/HDRP-Editor-ref.asmref has no target assembly definition
Script 'Packages/com.community.netcode.transport.steamnetworkingsockets/Runtime/SteamNetworkingSocketsTransport.cs' will not be compiled because it exists outside the Assets folder and does not to belong to any assembly definition file.
Assembly with name 'SteamNetworkingSockets Transport for Netcode for GameObjects' already exists (Packages/com.community.netcode.transport.steamnetworkingsockets/Runtime/com.community.netcode.transport.steamnetworkingsockets.asmdef)
Assembly with name 'SteamNetworkingSockets Transport for Netcode for GameObjects' already exists (Assets/SteamTransport/Runtime/com.community.netcode.transport.steamnetworkingsockets.asmdef)
Assembly with name 'com.rlabrecque.steamworks.net' already exists (Assets/com.rlabrecque.steamworks.net/Runtime/com.rlabrecque.steamworks.net.asmdef)
Assembly with name 'com.rlabrecque.steamworks.net' already exists (Packages/com.rlabrecque.steamworks.net/Runtime/com.rlabrecque.steamworks.net.asmdef)
Assembly reference Packages/com.unity.cinemachine/Editor/Samples/ExposeHDRPInternals/HDRP-Editor-ref.asmref has no target assembly definition
Script 'Packages/com.community.netcode.transport.steamnetworkingsockets/Runtime/SteamNetworkingSocketsTransport.cs' will not be compiled because it exists outside the Assets folder and does not to belong to any assembly definition file.
Begin MonoManager ReloadAssembly
Thread 0x3195fb000 may have been prematurely finalized
- Loaded All Assemblies, in  0.528 seconds
Assembly with name 'SteamNetworkingSockets Transport for Netcode for GameObjects' already exists (Packages/com.community.netcode.transport.steamnetworkingsockets/Runtime/com.community.netcode.transport.steamnetworkingsockets.asmdef)
Assembly with name 'SteamNetworkingSockets Transport for Netcode for GameObjects' already exists (Assets/SteamTransport/Runtime/com.community.netcode.transport.steamnetworkingsockets.asmdef)
Assembly with name 'com.rlabrecque.steamworks.net' already exists (Assets/com.rlabrecque.steamworks.net/Runtime/com.rlabrecque.steamworks.net.asmdef)
Assembly with name 'com.rlabrecque.steamworks.net' already exists (Packages/com.rlabrecque.steamworks.net/Runtime/com.rlabrecque.steamworks.net.asmdef)
Assembly reference Packages/com.unity.cinemachine/Editor/Samples/ExposeHDRPInternals/HDRP-Editor-ref.asmref has no target assembly definition
Script 'Packages/com.community.netcode.transport.steamnetworkingsockets/Runtime/SteamNetworkingSocketsTransport.cs' will not be compiled because it exists outside the Assets folder and does not to belong to any assembly definition file.
'Packages/com.unity.cinemachine/Editor/Obsolete/CinemachineVirtualCameraBaseEditor.cs' contains partial class of Unity.Object, exactly 1 of the partial classes needs to be in a file with the same filename. This is to know the one that can be referenced from ie. GameObjects
'Packages/com.unity.cinemachine/Editor/Editors/CinemachineVirtualCameraBaseEditor.cs' contains partial class of Unity.Object, exactly 1 of the partial classes needs to be in a file with the same filename. This is to know the one that can be referenced from ie. GameObjects
Refreshing native plugins compatible for Editor in 0.36 ms, found 3 plugins.
Assertion failed on expression: 'pred(*previous, *i)'
Assertion failed on expression: 'pred(*previous, *i)'
Native extension for WindowsStandalone target not found
Native extension for OSXStandalone target not found
Native extension for WebGL target not found
Assembly with name 'SteamNetworkingSockets Transport for Netcode for GameObjects' already exists (Packages/com.community.netcode.transport.steamnetworkingsockets/Runtime/com.community.netcode.transport.steamnetworkingsockets.asmdef)
Assembly with name 'SteamNetworkingSockets Transport for Netcode for GameObjects' already exists (Assets/SteamTransport/Runtime/com.community.netcode.transport.steamnetworkingsockets.asmdef)
Assembly with name 'com.rlabrecque.steamworks.net' already exists (Assets/com.rlabrecque.steamworks.net/Runtime/com.rlabrecque.steamworks.net.asmdef)
Assembly with name 'com.rlabrecque.steamworks.net' already exists (Packages/com.rlabrecque.steamworks.net/Runtime/com.rlabrecque.steamworks.net.asmdef)
Assembly reference Packages/com.unity.cinemachine/Editor/Samples/ExposeHDRPInternals/HDRP-Editor-ref.asmref has no target assembly definition
Script 'Packages/com.community.netcode.transport.steamnetworkingsockets/Runtime/SteamNetworkingSocketsTransport.cs' will not be compiled because it exists outside the Assets folder and does not to belong to any assembly definition file.
[Package Manager] Failed to launch server process. Reason: Unity was launched with the -noUpm command-line argument
[Package Manager] Unable to send message (not connected to server process).
[Package Manager] Cannot connect to Unity Package Manager local server
Refreshing native plugins compatible for Editor in 0.46 ms, found 3 plugins.
Mono: successfully reloaded assembly
- Finished resetting the current domain, in  0.511 seconds
Domain Reload Profiling: 1041ms
	BeginReloadAssembly (164ms)
		ExecutionOrderSort (0ms)
		DisableScriptedObjects (8ms)
		BackupInstance (0ms)
		ReleaseScriptingObjects (0ms)
		CreateAndSetChildDomain (71ms)
	RebuildCommonClasses (27ms)
	RebuildNativeTypeToScriptingClass (9ms)
	initialDomainReloadingComplete (17ms)
	LoadAllAssembliesAndSetupDomain (314ms)
		LoadAssemblies (211ms)
		RebuildTransferFunctionScriptingTraits (0ms)
		AnalyzeDomain (144ms)
			TypeCache.Refresh (11ms)
				TypeCache.ScanAssembly (0ms)
			BuildScriptInfoCaches (122ms)
			ResolveRequiredComponents (9ms)
	FinalizeReload (511ms)
		ReleaseScriptCaches (0ms)
		RebuildScriptCaches (0ms)
		SetupLoadedEditorAssemblies (377ms)
			LogAssemblyErrors (0ms)
			InitializePlatformSupportModulesInManaged (2ms)
			SetLoadedEditorAssemblies (2ms)
			BeforeProcessingInitializeOnLoad (79ms)
			ProcessInitializeOnLoadAttributes (254ms)
			ProcessInitializeOnLoadMethodAttributes (38ms)
			AfterProcessingInitializeOnLoad (1ms)
			EditorAssembliesLoaded (0ms)
		ExecutionOrderSort2 (0ms)
		AwakeInstancesAfterBackupRestoration (6ms)
Refreshing native plugins compatible for Editor in 0.48 ms, found 3 plugins.
Preloading 0 native plugins for Editor in 0.00 ms.
Unloading 15 Unused Serialized files (Serialized files now loaded: 0)
Unloading 6923 unused Assets / (4.2 MB). Loaded Objects now: 7680.
Memory consumption went from 161.4 MB to 157.1 MB.
Total: 6.189166 ms (FindLiveObjects: 0.407583 ms CreateObjectMapping: 0.239000 ms MarkObjects: 4.033625 ms  DeleteObjects: 1.508584 ms)

Prepare: number of updated asset objects reloaded= 0
========================================================================
Received Prepare
'Packages/com.unity.cinemachine/Editor/Obsolete/CinemachineVirtualCameraBaseEditor.cs' contains partial class of Unity.Object, exactly 1 of the partial classes needs to be in a file with the same filename. This is to know the one that can be referenced from ie. GameObjects
'Packages/com.unity.cinemachine/Editor/Editors/CinemachineVirtualCameraBaseEditor.cs' contains partial class of Unity.Object, exactly 1 of the partial classes needs to be in a file with the same filename. This is to know the one that can be referenced from ie. GameObjects
Refreshing native plugins compatible for Editor in 0.48 ms, found 3 plugins.
Preloading 0 native plugins for Editor in 0.00 ms.
Unloading 15 Unused Serialized files (Serialized files now loaded: 0)
Unloading 6912 unused Assets / (4.1 MB). Loaded Objects now: 7681.
Memory consumption went from 155.2 MB to 151.0 MB.
Total: 8.194583 ms (FindLiveObjects: 0.444250 ms CreateObjectMapping: 0.246250 ms MarkObjects: 6.102750 ms  DeleteObjects: 1.401084 ms)

Prepare: number of updated asset objects reloaded= 0
========================================================================
Received Import Request.
  Time since last request: 141.696423 seconds.
  path: Assets/scripts/BootstrapTransport.cs
  artifactKey: Guid(d600d16a59ad64840b8f749c7b3382d7) Importer(815301076,1909f56bfc062723c751e8b465ee728b)
Start importing Assets/scripts/BootstrapTransport.cs using Guid(d600d16a59ad64840b8f749c7b3382d7) Importer(815301076,1909f56bfc062723c751e8b465ee728b) (PreviewImporter) -> (artifact id: '5a129a5699f345f81dad92921896546b') in 0.002054833 seconds
Number of updated asset objects reloaded before import = 0Number of asset objects unloaded after import = 0

========================================================================
Received Prepare
Assembly with name 'SteamNetworkingSockets Transport for Netcode for GameObjects' already exists (Packages/com.community.netcode.transport.steamnetworkingsockets/Runtime/com.community.netcode.transport.steamnetworkingsockets.asmdef)
Assembly with name 'SteamNetworkingSockets Transport for Netcode for GameObjects' already exists (Assets/SteamTransport/Runtime/com.community.netcode.transport.steamnetworkingsockets.asmdef)
Assembly with name 'com.rlabrecque.steamworks.net' already exists (Assets/com.rlabrecque.steamworks.net/Runtime/com.rlabrecque.steamworks.net.asmdef)
Assembly with name 'com.rlabrecque.steamworks.net' already exists (Packages/com.rlabrecque.steamworks.net/Runtime/com.rlabrecque.steamworks.net.asmdef)
Assembly reference Packages/com.unity.cinemachine/Editor/Samples/ExposeHDRPInternals/HDRP-Editor-ref.asmref has no target assembly definition
Script 'Packages/com.community.netcode.transport.steamnetworkingsockets/Runtime/SteamNetworkingSocketsTransport.cs' will not be compiled because it exists outside the Assets folder and does not to belong to any assembly definition file.
Assembly with name 'SteamNetworkingSockets Transport for Netcode for GameObjects' already exists (Packages/com.community.netcode.transport.steamnetworkingsockets/Runtime/com.community.netcode.transport.steamnetworkingsockets.asmdef)
Assembly with name 'SteamNetworkingSockets Transport for Netcode for GameObjects' already exists (Assets/SteamTransport/Runtime/com.community.netcode.transport.steamnetworkingsockets.asmdef)
Assembly with name 'com.rlabrecque.steamworks.net' already exists (Assets/com.rlabrecque.steamworks.net/Runtime/com.rlabrecque.steamworks.net.asmdef)
Assembly with name 'com.rlabrecque.steamworks.net' already exists (Packages/com.rlabrecque.steamworks.net/Runtime/com.rlabrecque.steamworks.net.asmdef)
Assembly reference Packages/com.unity.cinemachine/Editor/Samples/ExposeHDRPInternals/HDRP-Editor-ref.asmref has no target assembly definition
Script 'Packages/com.community.netcode.transport.steamnetworkingsockets/Runtime/SteamNetworkingSocketsTransport.cs' will not be compiled because it exists outside the Assets folder and does not to belong to any assembly definition file.
Begin MonoManager ReloadAssembly
Thread 0x3195fb000 may have been prematurely finalized
- Loaded All Assemblies, in  0.534 seconds
Assembly with name 'SteamNetworkingSockets Transport for Netcode for GameObjects' already exists (Packages/com.community.netcode.transport.steamnetworkingsockets/Runtime/com.community.netcode.transport.steamnetworkingsockets.asmdef)
Assembly with name 'SteamNetworkingSockets Transport for Netcode for GameObjects' already exists (Assets/SteamTransport/Runtime/com.community.netcode.transport.steamnetworkingsockets.asmdef)
Assembly with name 'com.rlabrecque.steamworks.net' already exists (Assets/com.rlabrecque.steamworks.net/Runtime/com.rlabrecque.steamworks.net.asmdef)
Assembly with name 'com.rlabrecque.steamworks.net' already exists (Packages/com.rlabrecque.steamworks.net/Runtime/com.rlabrecque.steamworks.net.asmdef)
Assembly reference Packages/com.unity.cinemachine/Editor/Samples/ExposeHDRPInternals/HDRP-Editor-ref.asmref has no target assembly definition
Script 'Packages/com.community.netcode.transport.steamnetworkingsockets/Runtime/SteamNetworkingSocketsTransport.cs' will not be compiled because it exists outside the Assets folder and does not to belong to any assembly definition file.
'Packages/com.unity.cinemachine/Editor/Obsolete/CinemachineVirtualCameraBaseEditor.cs' contains partial class of Unity.Object, exactly 1 of the partial classes needs to be in a file with the same filename. This is to know the one that can be referenced from ie. GameObjects
'Packages/com.unity.cinemachine/Editor/Editors/CinemachineVirtualCameraBaseEditor.cs' contains partial class of Unity.Object, exactly 1 of the partial classes needs to be in a file with the same filename. This is to know the one that can be referenced from ie. GameObjects
Refreshing native plugins compatible for Editor in 0.59 ms, found 3 plugins.
Assertion failed on expression: 'pred(*previous, *i)'
Native extension for WindowsStandalone target not found
Native extension for OSXStandalone target not found
Native extension for WebGL target not found
Assembly with name 'SteamNetworkingSockets Transport for Netcode for GameObjects' already exists (Packages/com.community.netcode.transport.steamnetworkingsockets/Runtime/com.community.netcode.transport.steamnetworkingsockets.asmdef)
Assembly with name 'SteamNetworkingSockets Transport for Netcode for GameObjects' already exists (Assets/SteamTransport/Runtime/com.community.netcode.transport.steamnetworkingsockets.asmdef)
Assembly with name 'com.rlabrecque.steamworks.net' already exists (Assets/com.rlabrecque.steamworks.net/Runtime/com.rlabrecque.steamworks.net.asmdef)
Assembly with name 'com.rlabrecque.steamworks.net' already exists (Packages/com.rlabrecque.steamworks.net/Runtime/com.rlabrecque.steamworks.net.asmdef)
Assembly reference Packages/com.unity.cinemachine/Editor/Samples/ExposeHDRPInternals/HDRP-Editor-ref.asmref has no target assembly definition
Script 'Packages/com.community.netcode.transport.steamnetworkingsockets/Runtime/SteamNetworkingSocketsTransport.cs' will not be compiled because it exists outside the Assets folder and does not to belong to any assembly definition file.
[Package Manager] Failed to launch server process. Reason: Unity was launched with the -noUpm command-line argument
[Package Manager] Unable to send message (not connected to server process).
[Package Manager] Cannot connect to Unity Package Manager local server
Refreshing native plugins compatible for Editor in 0.41 ms, found 3 plugins.
Mono: successfully reloaded assembly
- Finished resetting the current domain, in  0.462 seconds
Domain Reload Profiling: 999ms
	BeginReloadAssembly (165ms)
		ExecutionOrderSort (0ms)
		DisableScriptedObjects (5ms)
		BackupInstance (0ms)
		ReleaseScriptingObjects (0ms)
		CreateAndSetChildDomain (85ms)
	RebuildCommonClasses (28ms)
	RebuildNativeTypeToScriptingClass (10ms)
	initialDomainReloadingComplete (19ms)
	LoadAllAssembliesAndSetupDomain (314ms)
		LoadAssemblies (210ms)
		RebuildTransferFunctionScriptingTraits (0ms)
		AnalyzeDomain (142ms)
			TypeCache.Refresh (11ms)
				TypeCache.ScanAssembly (1ms)
			BuildScriptInfoCaches (121ms)
			ResolveRequiredComponents (8ms)
	FinalizeReload (463ms)
		ReleaseScriptCaches (0ms)
		RebuildScriptCaches (0ms)
		SetupLoadedEditorAssemblies (336ms)
			LogAssemblyErrors (0ms)
			InitializePlatformSupportModulesInManaged (2ms)
			SetLoadedEditorAssemblies (3ms)
			BeforeProcessingInitializeOnLoad (71ms)
			ProcessInitializeOnLoadAttributes (220ms)
			ProcessInitializeOnLoadMethodAttributes (39ms)
			AfterProcessingInitializeOnLoad (0ms)
			EditorAssembliesLoaded (0ms)
		ExecutionOrderSort2 (0ms)
		AwakeInstancesAfterBackupRestoration (5ms)
Refreshing native plugins compatible for Editor in 0.53 ms, found 3 plugins.
Preloading 0 native plugins for Editor in 0.00 ms.
Unloading 15 Unused Serialized files (Serialized files now loaded: 0)
Unloading 6924 unused Assets / (4.1 MB). Loaded Objects now: 7683.
Memory consumption went from 161.2 MB to 157.1 MB.
Total: 6.225500 ms (FindLiveObjects: 0.407792 ms CreateObjectMapping: 0.263083 ms MarkObjects: 3.941916 ms  DeleteObjects: 1.612000 ms)

Prepare: number of updated asset objects reloaded= 0
========================================================================
Received Import Request.
  Time since last request: 5.952521 seconds.
  path: Assets/scripts/BootstrapTransport.cs
  artifactKey: Guid(d600d16a59ad64840b8f749c7b3382d7) Importer(815301076,1909f56bfc062723c751e8b465ee728b)
Start importing Assets/scripts/BootstrapTransport.cs using Guid(d600d16a59ad64840b8f749c7b3382d7) Importer(815301076,1909f56bfc062723c751e8b465ee728b) (PreviewImporter) -> (artifact id: '00000000000000000000000000000000') in 0.001076333 seconds
Import Error Code:(4)
Message: Build asset version error: assets/scripts/bootstraptransport.cs in SourceAssetDB has modification time of '2025-04-09T18:10:43Z' while content on disk has modification time of '2025-04-09T18:10:49Z'
  ERROR: Build asset version error: assets/scripts/bootstraptransport.cs in SourceAssetDB has modification time of '2025-04-09T18:10:43Z' while content on disk has modification time of '2025-04-09T18:10:49Z'
Number of updated asset objects reloaded before import = 0Number of asset objects unloaded after import = 0

========================================================================
Received Import Request.
  Time since last request: 0.081218 seconds.
  path: Assets/scripts/BootstrapTransport.cs
  artifactKey: Guid(d600d16a59ad64840b8f749c7b3382d7) Importer(815301076,1909f56bfc062723c751e8b465ee728b)
Start importing Assets/scripts/BootstrapTransport.cs using Guid(d600d16a59ad64840b8f749c7b3382d7) Importer(815301076,1909f56bfc062723c751e8b465ee728b) (PreviewImporter) -> (artifact id: '00000000000000000000000000000000') in 0.000276083 seconds
Import Error Code:(4)
Message: Build asset version error: assets/scripts/bootstraptransport.cs in SourceAssetDB has modification time of '2025-04-09T18:10:43Z' while content on disk has modification time of '2025-04-09T18:10:49Z'
  ERROR: Build asset version error: assets/scripts/bootstraptransport.cs in SourceAssetDB has modification time of '2025-04-09T18:10:43Z' while content on disk has modification time of '2025-04-09T18:10:49Z'
Number of updated asset objects reloaded before import = 0Number of asset objects unloaded after import = 0

========================================================================
Received Import Request.
  Time since last request: 0.192319 seconds.
  path: Assets/scripts/BootstrapTransport.cs
  artifactKey: Guid(d600d16a59ad64840b8f749c7b3382d7) Importer(815301076,1909f56bfc062723c751e8b465ee728b)
Start importing Assets/scripts/BootstrapTransport.cs using Guid(d600d16a59ad64840b8f749c7b3382d7) Importer(815301076,1909f56bfc062723c751e8b465ee728b) (PreviewImporter) -> (artifact id: '00000000000000000000000000000000') in 0.000522583 seconds
Import Error Code:(4)
Message: Build asset version error: assets/scripts/bootstraptransport.cs in SourceAssetDB has modification time of '2025-04-09T18:10:43Z' while content on disk has modification time of '2025-04-09T18:10:49Z'
  ERROR: Build asset version error: assets/scripts/bootstraptransport.cs in SourceAssetDB has modification time of '2025-04-09T18:10:43Z' while content on disk has modification time of '2025-04-09T18:10:49Z'
Number of updated asset objects reloaded before import = 0Number of asset objects unloaded after import = 0

========================================================================
Received Import Request.
  Time since last request: 0.640544 seconds.
  path: Assets/scripts/BootstrapTransport.cs
  artifactKey: Guid(d600d16a59ad64840b8f749c7b3382d7) Importer(815301076,1909f56bfc062723c751e8b465ee728b)
Start importing Assets/scripts/BootstrapTransport.cs using Guid(d600d16a59ad64840b8f749c7b3382d7) Importer(815301076,1909f56bfc062723c751e8b465ee728b) (PreviewImporter) -> (artifact id: '00000000000000000000000000000000') in 0.000623084 seconds
Import Error Code:(4)
Message: Build asset version error: assets/scripts/bootstraptransport.cs in SourceAssetDB has modification time of '2025-04-09T18:10:43Z' while content on disk has modification time of '2025-04-09T18:10:49Z'
  ERROR: Build asset version error: assets/scripts/bootstraptransport.cs in SourceAssetDB has modification time of '2025-04-09T18:10:43Z' while content on disk has modification time of '2025-04-09T18:10:49Z'
Number of updated asset objects reloaded before import = 0Number of asset objects unloaded after import = 0

========================================================================
Received Import Request.
  Time since last request: 0.002764 seconds.
  path: Assets/scripts/BootstrapTransport.cs
  artifactKey: Guid(d600d16a59ad64840b8f749c7b3382d7) Importer(815301076,1909f56bfc062723c751e8b465ee728b)
Start importing Assets/scripts/BootstrapTransport.cs using Guid(d600d16a59ad64840b8f749c7b3382d7) Importer(815301076,1909f56bfc062723c751e8b465ee728b) (PreviewImporter) -> (artifact id: '00000000000000000000000000000000') in 0.000347 seconds
Import Error Code:(4)
Message: Build asset version error: assets/scripts/bootstraptransport.cs in SourceAssetDB has modification time of '2025-04-09T18:10:43Z' while content on disk has modification time of '2025-04-09T18:10:49Z'
  ERROR: Build asset version error: assets/scripts/bootstraptransport.cs in SourceAssetDB has modification time of '2025-04-09T18:10:43Z' while content on disk has modification time of '2025-04-09T18:10:49Z'
Number of updated asset objects reloaded before import = 0Number of asset objects unloaded after import = 0

========================================================================
Received Import Request.
  Time since last request: 0.192780 seconds.
  path: Assets/scripts/BootstrapTransport.cs
  artifactKey: Guid(d600d16a59ad64840b8f749c7b3382d7) Importer(815301076,1909f56bfc062723c751e8b465ee728b)
Start importing Assets/scripts/BootstrapTransport.cs using Guid(d600d16a59ad64840b8f749c7b3382d7) Importer(815301076,1909f56bfc062723c751e8b465ee728b) (PreviewImporter) -> (artifact id: '00000000000000000000000000000000') in 0.000595792 seconds
Import Error Code:(4)
Message: Build asset version error: assets/scripts/bootstraptransport.cs in SourceAssetDB has modification time of '2025-04-09T18:10:43Z' while content on disk has modification time of '2025-04-09T18:10:49Z'
  ERROR: Build asset version error: assets/scripts/bootstraptransport.cs in SourceAssetDB has modification time of '2025-04-09T18:10:43Z' while content on disk has modification time of '2025-04-09T18:10:49Z'
Number of updated asset objects reloaded before import = 0Number of asset objects unloaded after import = 0

========================================================================
Received Import Request.
  Time since last request: 0.173108 seconds.
  path: Assets/scripts/BootstrapTransport.cs
  artifactKey: Guid(d600d16a59ad64840b8f749c7b3382d7) Importer(815301076,1909f56bfc062723c751e8b465ee728b)
Start importing Assets/scripts/BootstrapTransport.cs using Guid(d600d16a59ad64840b8f749c7b3382d7) Importer(815301076,1909f56bfc062723c751e8b465ee728b) (PreviewImporter) -> (artifact id: '00000000000000000000000000000000') in 0.000422333 seconds
Import Error Code:(4)
Message: Build asset version error: assets/scripts/bootstraptransport.cs in SourceAssetDB has modification time of '2025-04-09T18:10:43Z' while content on disk has modification time of '2025-04-09T18:10:49Z'
  ERROR: Build asset version error: assets/scripts/bootstraptransport.cs in SourceAssetDB has modification time of '2025-04-09T18:10:43Z' while content on disk has modification time of '2025-04-09T18:10:49Z'
Number of updated asset objects reloaded before import = 0Number of asset objects unloaded after import = 0

========================================================================
Received Import Request.
  Time since last request: 0.177914 seconds.
  path: Assets/scripts/BootstrapTransport.cs
  artifactKey: Guid(d600d16a59ad64840b8f749c7b3382d7) Importer(815301076,1909f56bfc062723c751e8b465ee728b)
Start importing Assets/scripts/BootstrapTransport.cs using Guid(d600d16a59ad64840b8f749c7b3382d7) Importer(815301076,1909f56bfc062723c751e8b465ee728b) (PreviewImporter) -> (artifact id: '00000000000000000000000000000000') in 0.000387792 seconds
Import Error Code:(4)
Message: Build asset version error: assets/scripts/bootstraptransport.cs in SourceAssetDB has modification time of '2025-04-09T18:10:43Z' while content on disk has modification time of '2025-04-09T18:10:49Z'
  ERROR: Build asset version error: assets/scripts/bootstraptransport.cs in SourceAssetDB has modification time of '2025-04-09T18:10:43Z' while content on disk has modification time of '2025-04-09T18:10:49Z'
Number of updated asset objects reloaded before import = 0Number of asset objects unloaded after import = 0

========================================================================
Received Import Request.
  Time since last request: 0.174665 seconds.
  path: Assets/scripts/BootstrapTransport.cs
  artifactKey: Guid(d600d16a59ad64840b8f749c7b3382d7) Importer(815301076,1909f56bfc062723c751e8b465ee728b)
Start importing Assets/scripts/BootstrapTransport.cs using Guid(d600d16a59ad64840b8f749c7b3382d7) Importer(815301076,1909f56bfc062723c751e8b465ee728b) (PreviewImporter) -> (artifact id: '00000000000000000000000000000000') in 0.000346792 seconds
Import Error Code:(4)
Message: Build asset version error: assets/scripts/bootstraptransport.cs in SourceAssetDB has modification time of '2025-04-09T18:10:43Z' while content on disk has modification time of '2025-04-09T18:10:49Z'
  ERROR: Build asset version error: assets/scripts/bootstraptransport.cs in SourceAssetDB has modification time of '2025-04-09T18:10:43Z' while content on disk has modification time of '2025-04-09T18:10:49Z'
Number of updated asset objects reloaded before import = 0Number of asset objects unloaded after import = 0

========================================================================
Received Import Request.
  Time since last request: 0.183940 seconds.
  path: Assets/scripts/BootstrapTransport.cs
  artifactKey: Guid(d600d16a59ad64840b8f749c7b3382d7) Importer(815301076,1909f56bfc062723c751e8b465ee728b)
Start importing Assets/scripts/BootstrapTransport.cs using Guid(d600d16a59ad64840b8f749c7b3382d7) Importer(815301076,1909f56bfc062723c751e8b465ee728b) (PreviewImporter) -> (artifact id: '00000000000000000000000000000000') in 0.000403042 seconds
Import Error Code:(4)
Message: Build asset version error: assets/scripts/bootstraptransport.cs in SourceAssetDB has modification time of '2025-04-09T18:10:43Z' while content on disk has modification time of '2025-04-09T18:10:49Z'
  ERROR: Build asset version error: assets/scripts/bootstraptransport.cs in SourceAssetDB has modification time of '2025-04-09T18:10:43Z' while content on disk has modification time of '2025-04-09T18:10:49Z'
Number of updated asset objects reloaded before import = 0Number of asset objects unloaded after import = 0

========================================================================
Received Import Request.
  Time since last request: 0.177284 seconds.
  path: Assets/scripts/BootstrapTransport.cs
  artifactKey: Guid(d600d16a59ad64840b8f749c7b3382d7) Importer(815301076,1909f56bfc062723c751e8b465ee728b)
Start importing Assets/scripts/BootstrapTransport.cs using Guid(d600d16a59ad64840b8f749c7b3382d7) Importer(815301076,1909f56bfc062723c751e8b465ee728b) (PreviewImporter) -> (artifact id: '00000000000000000000000000000000') in 0.00056525 seconds
Import Error Code:(4)
Message: Build asset version error: assets/scripts/bootstraptransport.cs in SourceAssetDB has modification time of '2025-04-09T18:10:43Z' while content on disk has modification time of '2025-04-09T18:10:49Z'
  ERROR: Build asset version error: assets/scripts/bootstraptransport.cs in SourceAssetDB has modification time of '2025-04-09T18:10:43Z' while content on disk has modification time of '2025-04-09T18:10:49Z'
Number of updated asset objects reloaded before import = 0Number of asset objects unloaded after import = 0

========================================================================
Received Import Request.
  Time since last request: 0.069528 seconds.
  path: Assets/scripts/BootstrapTransport.cs
  artifactKey: Guid(d600d16a59ad64840b8f749c7b3382d7) Importer(815301076,1909f56bfc062723c751e8b465ee728b)
Start importing Assets/scripts/BootstrapTransport.cs using Guid(d600d16a59ad64840b8f749c7b3382d7) Importer(815301076,1909f56bfc062723c751e8b465ee728b) (PreviewImporter) -> (artifact id: '00000000000000000000000000000000') in 0.000369542 seconds
Import Error Code:(4)
Message: Build asset version error: assets/scripts/bootstraptransport.cs in SourceAssetDB has modification time of '2025-04-09T18:10:43Z' while content on disk has modification time of '2025-04-09T18:10:49Z'
  ERROR: Build asset version error: assets/scripts/bootstraptransport.cs in SourceAssetDB has modification time of '2025-04-09T18:10:43Z' while content on disk has modification time of '2025-04-09T18:10:49Z'
Number of updated asset objects reloaded before import = 0Number of asset objects unloaded after import = 0

========================================================================
Received Import Request.
  Time since last request: 0.187553 seconds.
  path: Assets/scripts/BootstrapTransport.cs
  artifactKey: Guid(d600d16a59ad64840b8f749c7b3382d7) Importer(815301076,1909f56bfc062723c751e8b465ee728b)
Start importing Assets/scripts/BootstrapTransport.cs using Guid(d600d16a59ad64840b8f749c7b3382d7) Importer(815301076,1909f56bfc062723c751e8b465ee728b) (PreviewImporter) -> (artifact id: '00000000000000000000000000000000') in 0.000489542 seconds
Import Error Code:(4)
Message: Build asset version error: assets/scripts/bootstraptransport.cs in SourceAssetDB has modification time of '2025-04-09T18:10:43Z' while content on disk has modification time of '2025-04-09T18:10:49Z'
  ERROR: Build asset version error: assets/scripts/bootstraptransport.cs in SourceAssetDB has modification time of '2025-04-09T18:10:43Z' while content on disk has modification time of '2025-04-09T18:10:49Z'
Number of updated asset objects reloaded before import = 0Number of asset objects unloaded after import = 0

========================================================================
Received Import Request.
  Time since last request: 0.695717 seconds.
  path: Assets/scripts/BootstrapTransport.cs
  artifactKey: Guid(d600d16a59ad64840b8f749c7b3382d7) Importer(815301076,1909f56bfc062723c751e8b465ee728b)
Start importing Assets/scripts/BootstrapTransport.cs using Guid(d600d16a59ad64840b8f749c7b3382d7) Importer(815301076,1909f56bfc062723c751e8b465ee728b) (PreviewImporter) -> (artifact id: '00000000000000000000000000000000') in 0.000295167 seconds
Import Error Code:(4)
Message: Build asset version error: assets/scripts/bootstraptransport.cs in SourceAssetDB has modification time of '2025-04-09T18:10:43Z' while content on disk has modification time of '2025-04-09T18:10:49Z'
  ERROR: Build asset version error: assets/scripts/bootstraptransport.cs in SourceAssetDB has modification time of '2025-04-09T18:10:43Z' while content on disk has modification time of '2025-04-09T18:10:49Z'
Number of updated asset objects reloaded before import = 0Number of asset objects unloaded after import = 0

========================================================================
Received Import Request.
  Time since last request: 0.059033 seconds.
  path: Assets/scripts/BootstrapTransport.cs
  artifactKey: Guid(d600d16a59ad64840b8f749c7b3382d7) Importer(815301076,1909f56bfc062723c751e8b465ee728b)
Start importing Assets/scripts/BootstrapTransport.cs using Guid(d600d16a59ad64840b8f749c7b3382d7) Importer(815301076,1909f56bfc062723c751e8b465ee728b) (PreviewImporter) -> (artifact id: '00000000000000000000000000000000') in 0.00026475 seconds
Import Error Code:(4)
Message: Build asset version error: assets/scripts/bootstraptransport.cs in SourceAssetDB has modification time of '2025-04-09T18:10:43Z' while content on disk has modification time of '2025-04-09T18:10:49Z'
  ERROR: Build asset version error: assets/scripts/bootstraptransport.cs in SourceAssetDB has modification time of '2025-04-09T18:10:43Z' while content on disk has modification time of '2025-04-09T18:10:49Z'
Number of updated asset objects reloaded before import = 0Number of asset objects unloaded after import = 0

========================================================================
Received Import Request.
  Time since last request: 0.186255 seconds.
  path: Assets/scripts/BootstrapTransport.cs
  artifactKey: Guid(d600d16a59ad64840b8f749c7b3382d7) Importer(815301076,1909f56bfc062723c751e8b465ee728b)
Start importing Assets/scripts/BootstrapTransport.cs using Guid(d600d16a59ad64840b8f749c7b3382d7) Importer(815301076,1909f56bfc062723c751e8b465ee728b) (PreviewImporter) -> (artifact id: '00000000000000000000000000000000') in 0.000681375 seconds
Import Error Code:(4)
Message: Build asset version error: assets/scripts/bootstraptransport.cs in SourceAssetDB has modification time of '2025-04-09T18:10:43Z' while content on disk has modification time of '2025-04-09T18:10:49Z'
  ERROR: Build asset version error: assets/scripts/bootstraptransport.cs in SourceAssetDB has modification time of '2025-04-09T18:10:43Z' while content on disk has modification time of '2025-04-09T18:10:49Z'
Number of updated asset objects reloaded before import = 0Number of asset objects unloaded after import = 0

========================================================================
Received Import Request.
  Time since last request: 0.176787 seconds.
  path: Assets/scripts/BootstrapTransport.cs
  artifactKey: Guid(d600d16a59ad64840b8f749c7b3382d7) Importer(815301076,1909f56bfc062723c751e8b465ee728b)
Start importing Assets/scripts/BootstrapTransport.cs using Guid(d600d16a59ad64840b8f749c7b3382d7) Importer(815301076,1909f56bfc062723c751e8b465ee728b) (PreviewImporter) -> (artifact id: '00000000000000000000000000000000') in 0.00054075 seconds
Import Error Code:(4)
Message: Build asset version error: assets/scripts/bootstraptransport.cs in SourceAssetDB has modification time of '2025-04-09T18:10:43Z' while content on disk has modification time of '2025-04-09T18:10:49Z'
  ERROR: Build asset version error: assets/scripts/bootstraptransport.cs in SourceAssetDB has modification time of '2025-04-09T18:10:43Z' while content on disk has modification time of '2025-04-09T18:10:49Z'
Number of updated asset objects reloaded before import = 0Number of asset objects unloaded after import = 0

========================================================================
Received Import Request.
  Time since last request: 0.178410 seconds.
  path: Assets/scripts/BootstrapTransport.cs
  artifactKey: Guid(d600d16a59ad64840b8f749c7b3382d7) Importer(815301076,1909f56bfc062723c751e8b465ee728b)
Start importing Assets/scripts/BootstrapTransport.cs using Guid(d600d16a59ad64840b8f749c7b3382d7) Importer(815301076,1909f56bfc062723c751e8b465ee728b) (PreviewImporter) -> (artifact id: '00000000000000000000000000000000') in 0.000555167 seconds
Import Error Code:(4)
Message: Build asset version error: assets/scripts/bootstraptransport.cs in SourceAssetDB has modification time of '2025-04-09T18:10:43Z' while content on disk has modification time of '2025-04-09T18:10:49Z'
  ERROR: Build asset version error: assets/scripts/bootstraptransport.cs in SourceAssetDB has modification time of '2025-04-09T18:10:43Z' while content on disk has modification time of '2025-04-09T18:10:49Z'
Number of updated asset objects reloaded before import = 0Number of asset objects unloaded after import = 0

========================================================================
Received Import Request.
  Time since last request: 0.175295 seconds.
  path: Assets/scripts/BootstrapTransport.cs
  artifactKey: Guid(d600d16a59ad64840b8f749c7b3382d7) Importer(815301076,1909f56bfc062723c751e8b465ee728b)
Start importing Assets/scripts/BootstrapTransport.cs using Guid(d600d16a59ad64840b8f749c7b3382d7) Importer(815301076,1909f56bfc062723c751e8b465ee728b) (PreviewImporter) -> (artifact id: '00000000000000000000000000000000') in 0.000388917 seconds
Import Error Code:(4)
Message: Build asset version error: assets/scripts/bootstraptransport.cs in SourceAssetDB has modification time of '2025-04-09T18:10:43Z' while content on disk has modification time of '2025-04-09T18:10:49Z'
  ERROR: Build asset version error: assets/scripts/bootstraptransport.cs in SourceAssetDB has modification time of '2025-04-09T18:10:43Z' while content on disk has modification time of '2025-04-09T18:10:49Z'
Number of updated asset objects reloaded before import = 0Number of asset objects unloaded after import = 0

========================================================================
Received Prepare
'Packages/com.unity.cinemachine/Editor/Obsolete/CinemachineVirtualCameraBaseEditor.cs' contains partial class of Unity.Object, exactly 1 of the partial classes needs to be in a file with the same filename. This is to know the one that can be referenced from ie. GameObjects
'Packages/com.unity.cinemachine/Editor/Editors/CinemachineVirtualCameraBaseEditor.cs' contains partial class of Unity.Object, exactly 1 of the partial classes needs to be in a file with the same filename. This is to know the one that can be referenced from ie. GameObjects
Refreshing native plugins compatible for Editor in 0.39 ms, found 3 plugins.
Preloading 0 native plugins for Editor in 0.00 ms.
Unloading 15 Unused Serialized files (Serialized files now loaded: 0)
Unloading 6912 unused Assets / (2.9 MB). Loaded Objects now: 7683.
Memory consumption went from 155.1 MB to 152.2 MB.
Total: 5.654750 ms (FindLiveObjects: 0.406500 ms CreateObjectMapping: 0.265750 ms MarkObjects: 3.678208 ms  DeleteObjects: 1.304167 ms)

Prepare: number of updated asset objects reloaded= 0
========================================================================
Received Import Request.
  Time since last request: 1.008505 seconds.
  path: Assets/scripts/BootstrapTransport.cs
  artifactKey: Guid(d600d16a59ad64840b8f749c7b3382d7) Importer(815301076,1909f56bfc062723c751e8b465ee728b)
Start importing Assets/scripts/BootstrapTransport.cs using Guid(d600d16a59ad64840b8f749c7b3382d7) Importer(815301076,1909f56bfc062723c751e8b465ee728b) (PreviewImporter) -> (artifact id: '7756c3b9dfb7a3d63c3870c17d30bbf9') in 0.000336625 seconds
Number of updated asset objects reloaded before import = 0Number of asset objects unloaded after import = 0

========================================================================
Received Prepare
'Packages/com.unity.cinemachine/Editor/Obsolete/CinemachineVirtualCameraBaseEditor.cs' contains partial class of Unity.Object, exactly 1 of the partial classes needs to be in a file with the same filename. This is to know the one that can be referenced from ie. GameObjects
'Packages/com.unity.cinemachine/Editor/Editors/CinemachineVirtualCameraBaseEditor.cs' contains partial class of Unity.Object, exactly 1 of the partial classes needs to be in a file with the same filename. This is to know the one that can be referenced from ie. GameObjects
Refreshing native plugins compatible for Editor in 1.20 ms, found 3 plugins.
Preloading 0 native plugins for Editor in 0.00 ms.
Unloading 15 Unused Serialized files (Serialized files now loaded: 0)
Unloading 6912 unused Assets / (3.2 MB). Loaded Objects now: 7683.
Memory consumption went from 155.1 MB to 152.0 MB.
Total: 12.431084 ms (FindLiveObjects: 0.560708 ms CreateObjectMapping: 0.271917 ms MarkObjects: 10.037208 ms  DeleteObjects: 1.561000 ms)

Prepare: number of updated asset objects reloaded= 0
========================================================================
Received Import Request.
  Time since last request: 62.882514 seconds.
  path: Assets/scripts/DungeonManager.cs
  artifactKey: Guid(8642617a510507c46a50b66b2991747c) Importer(815301076,1909f56bfc062723c751e8b465ee728b)
Start importing Assets/scripts/DungeonManager.cs using Guid(8642617a510507c46a50b66b2991747c) Importer(815301076,1909f56bfc062723c751e8b465ee728b) (PreviewImporter) -> (artifact id: '70d5f85c427dbba019c836cb7e4a342d') in 0.000454042 seconds
Number of updated asset objects reloaded before import = 0Number of asset objects unloaded after import = 0

========================================================================
Received Prepare
'Packages/com.unity.cinemachine/Editor/Obsolete/CinemachineVirtualCameraBaseEditor.cs' contains partial class of Unity.Object, exactly 1 of the partial classes needs to be in a file with the same filename. This is to know the one that can be referenced from ie. GameObjects
'Packages/com.unity.cinemachine/Editor/Editors/CinemachineVirtualCameraBaseEditor.cs' contains partial class of Unity.Object, exactly 1 of the partial classes needs to be in a file with the same filename. This is to know the one that can be referenced from ie. GameObjects
Refreshing native plugins compatible for Editor in 0.68 ms, found 3 plugins.
Preloading 0 native plugins for Editor in 0.00 ms.
Unloading 15 Unused Serialized files (Serialized files now loaded: 0)
Unloading 6912 unused Assets / (2.7 MB). Loaded Objects now: 7683.
Memory consumption went from 155.1 MB to 152.4 MB.
Total: 13.669250 ms (FindLiveObjects: 0.416792 ms CreateObjectMapping: 0.271000 ms MarkObjects: 10.945167 ms  DeleteObjects: 2.033833 ms)

Prepare: number of updated asset objects reloaded= 0
========================================================================
Received Import Request.
  Time since last request: 48.144788 seconds.
  path: Assets/scripts/BootstrapTransport.cs
  artifactKey: Guid(d600d16a59ad64840b8f749c7b3382d7) Importer(815301076,1909f56bfc062723c751e8b465ee728b)
Start importing Assets/scripts/BootstrapTransport.cs using Guid(d600d16a59ad64840b8f749c7b3382d7) Importer(815301076,1909f56bfc062723c751e8b465ee728b) (PreviewImporter) -> (artifact id: '260d7a8c8c821bb45644ad0480cd1b5f') in 0.000357 seconds
Number of updated asset objects reloaded before import = 0Number of asset objects unloaded after import = 0

========================================================================
Received Prepare
'Packages/com.unity.cinemachine/Editor/Obsolete/CinemachineVirtualCameraBaseEditor.cs' contains partial class of Unity.Object, exactly 1 of the partial classes needs to be in a file with the same filename. This is to know the one that can be referenced from ie. GameObjects
'Packages/com.unity.cinemachine/Editor/Editors/CinemachineVirtualCameraBaseEditor.cs' contains partial class of Unity.Object, exactly 1 of the partial classes needs to be in a file with the same filename. This is to know the one that can be referenced from ie. GameObjects
Refreshing native plugins compatible for Editor in 0.64 ms, found 3 plugins.
Preloading 0 native plugins for Editor in 0.00 ms.
Unloading 15 Unused Serialized files (Serialized files now loaded: 0)
Unloading 6912 unused Assets / (4.1 MB). Loaded Objects now: 7683.
Memory consumption went from 155.1 MB to 151.0 MB.
Total: 14.935000 ms (FindLiveObjects: 0.598834 ms CreateObjectMapping: 0.248708 ms MarkObjects: 12.509292 ms  DeleteObjects: 1.577958 ms)

Prepare: number of updated asset objects reloaded= 0
========================================================================
Received Prepare
'Packages/com.unity.cinemachine/Editor/Obsolete/CinemachineVirtualCameraBaseEditor.cs' contains partial class of Unity.Object, exactly 1 of the partial classes needs to be in a file with the same filename. This is to know the one that can be referenced from ie. GameObjects
'Packages/com.unity.cinemachine/Editor/Editors/CinemachineVirtualCameraBaseEditor.cs' contains partial class of Unity.Object, exactly 1 of the partial classes needs to be in a file with the same filename. This is to know the one that can be referenced from ie. GameObjects
Refreshing native plugins compatible for Editor in 0.43 ms, found 3 plugins.
Preloading 0 native plugins for Editor in 0.00 ms.
Unloading 15 Unused Serialized files (Serialized files now loaded: 0)
Unloading 6912 unused Assets / (3.6 MB). Loaded Objects now: 7683.
Memory consumption went from 155.1 MB to 151.5 MB.
Total: 6.096916 ms (FindLiveObjects: 0.397292 ms CreateObjectMapping: 0.264708 ms MarkObjects: 3.798958 ms  DeleteObjects: 1.635458 ms)

Prepare: number of updated asset objects reloaded= 0
========================================================================
Received Import Request.
  Time since last request: 164.771211 seconds.
  path: Assets/scripts/Steamworks.NET/SteamManager.cs
  artifactKey: Guid(ef4bffeda13d7a748973ff9204401c07) Importer(815301076,1909f56bfc062723c751e8b465ee728b)
Start importing Assets/scripts/Steamworks.NET/SteamManager.cs using Guid(ef4bffeda13d7a748973ff9204401c07) Importer(815301076,1909f56bfc062723c751e8b465ee728b) (PreviewImporter) -> (artifact id: 'cecb1cf700a7bc08c72b8ddecbf8f440') in 0.000456375 seconds
Number of updated asset objects reloaded before import = 0Number of asset objects unloaded after import = 0

========================================================================
Received Import Request.
  Time since last request: 79.711638 seconds.
  path: Assets/scripts/BootstrapTransport.cs
  artifactKey: Guid(d600d16a59ad64840b8f749c7b3382d7) Importer(815301076,1909f56bfc062723c751e8b465ee728b)
Start importing Assets/scripts/BootstrapTransport.cs using Guid(d600d16a59ad64840b8f749c7b3382d7) Importer(815301076,1909f56bfc062723c751e8b465ee728b) (PreviewImporter) -> (artifact id: 'da656807066b620bf5273e27c7501bdf') in 0.000598917 seconds
Number of updated asset objects reloaded before import = 0Number of asset objects unloaded after import = 0

========================================================================
Received Prepare
Assembly with name 'SteamNetworkingSockets Transport for Netcode for GameObjects' already exists (Packages/com.community.netcode.transport.steamnetworkingsockets/Runtime/com.community.netcode.transport.steamnetworkingsockets.asmdef)
Assembly with name 'SteamNetworkingSockets Transport for Netcode for GameObjects' already exists (Assets/SteamTransport/Runtime/com.community.netcode.transport.steamnetworkingsockets.asmdef)
Assembly with name 'com.rlabrecque.steamworks.net' already exists (Assets/com.rlabrecque.steamworks.net/Runtime/com.rlabrecque.steamworks.net.asmdef)
Assembly with name 'com.rlabrecque.steamworks.net' already exists (Packages/com.rlabrecque.steamworks.net/Runtime/com.rlabrecque.steamworks.net.asmdef)
Assembly reference Packages/com.unity.cinemachine/Editor/Samples/ExposeHDRPInternals/HDRP-Editor-ref.asmref has no target assembly definition
Script 'Packages/com.community.netcode.transport.steamnetworkingsockets/Runtime/SteamNetworkingSocketsTransport.cs' will not be compiled because it exists outside the Assets folder and does not to belong to any assembly definition file.
Assembly with name 'SteamNetworkingSockets Transport for Netcode for GameObjects' already exists (Packages/com.community.netcode.transport.steamnetworkingsockets/Runtime/com.community.netcode.transport.steamnetworkingsockets.asmdef)
Assembly with name 'SteamNetworkingSockets Transport for Netcode for GameObjects' already exists (Assets/SteamTransport/Runtime/com.community.netcode.transport.steamnetworkingsockets.asmdef)
Assembly with name 'com.rlabrecque.steamworks.net' already exists (Assets/com.rlabrecque.steamworks.net/Runtime/com.rlabrecque.steamworks.net.asmdef)
Assembly with name 'com.rlabrecque.steamworks.net' already exists (Packages/com.rlabrecque.steamworks.net/Runtime/com.rlabrecque.steamworks.net.asmdef)
Assembly reference Packages/com.unity.cinemachine/Editor/Samples/ExposeHDRPInternals/HDRP-Editor-ref.asmref has no target assembly definition
Script 'Packages/com.community.netcode.transport.steamnetworkingsockets/Runtime/SteamNetworkingSocketsTransport.cs' will not be compiled because it exists outside the Assets folder and does not to belong to any assembly definition file.
Begin MonoManager ReloadAssembly
Thread 0x3195fb000 may have been prematurely finalized
- Loaded All Assemblies, in  0.527 seconds
Assembly with name 'SteamNetworkingSockets Transport for Netcode for GameObjects' already exists (Packages/com.community.netcode.transport.steamnetworkingsockets/Runtime/com.community.netcode.transport.steamnetworkingsockets.asmdef)
Assembly with name 'SteamNetworkingSockets Transport for Netcode for GameObjects' already exists (Assets/SteamTransport/Runtime/com.community.netcode.transport.steamnetworkingsockets.asmdef)
Assembly with name 'com.rlabrecque.steamworks.net' already exists (Assets/com.rlabrecque.steamworks.net/Runtime/com.rlabrecque.steamworks.net.asmdef)
Assembly with name 'com.rlabrecque.steamworks.net' already exists (Packages/com.rlabrecque.steamworks.net/Runtime/com.rlabrecque.steamworks.net.asmdef)
Assembly reference Packages/com.unity.cinemachine/Editor/Samples/ExposeHDRPInternals/HDRP-Editor-ref.asmref has no target assembly definition
Script 'Packages/com.community.netcode.transport.steamnetworkingsockets/Runtime/SteamNetworkingSocketsTransport.cs' will not be compiled because it exists outside the Assets folder and does not to belong to any assembly definition file.
'Packages/com.unity.cinemachine/Editor/Obsolete/CinemachineVirtualCameraBaseEditor.cs' contains partial class of Unity.Object, exactly 1 of the partial classes needs to be in a file with the same filename. This is to know the one that can be referenced from ie. GameObjects
'Packages/com.unity.cinemachine/Editor/Editors/CinemachineVirtualCameraBaseEditor.cs' contains partial class of Unity.Object, exactly 1 of the partial classes needs to be in a file with the same filename. This is to know the one that can be referenced from ie. GameObjects
Refreshing native plugins compatible for Editor in 0.35 ms, found 3 plugins.
Assertion failed on expression: 'pred(*previous, *i)'
Native extension for WindowsStandalone target not found
Native extension for OSXStandalone target not found
Native extension for WebGL target not found
Assembly with name 'SteamNetworkingSockets Transport for Netcode for GameObjects' already exists (Packages/com.community.netcode.transport.steamnetworkingsockets/Runtime/com.community.netcode.transport.steamnetworkingsockets.asmdef)
Assembly with name 'SteamNetworkingSockets Transport for Netcode for GameObjects' already exists (Assets/SteamTransport/Runtime/com.community.netcode.transport.steamnetworkingsockets.asmdef)
Assembly with name 'com.rlabrecque.steamworks.net' already exists (Assets/com.rlabrecque.steamworks.net/Runtime/com.rlabrecque.steamworks.net.asmdef)
Assembly with name 'com.rlabrecque.steamworks.net' already exists (Packages/com.rlabrecque.steamworks.net/Runtime/com.rlabrecque.steamworks.net.asmdef)
Assembly reference Packages/com.unity.cinemachine/Editor/Samples/ExposeHDRPInternals/HDRP-Editor-ref.asmref has no target assembly definition
Script 'Packages/com.community.netcode.transport.steamnetworkingsockets/Runtime/SteamNetworkingSocketsTransport.cs' will not be compiled because it exists outside the Assets folder and does not to belong to any assembly definition file.
[Package Manager] Failed to launch server process. Reason: Unity was launched with the -noUpm command-line argument
[Package Manager] Unable to send message (not connected to server process).
[Package Manager] Cannot connect to Unity Package Manager local server
Refreshing native plugins compatible for Editor in 0.47 ms, found 3 plugins.
Mono: successfully reloaded assembly
- Finished resetting the current domain, in  0.522 seconds
Domain Reload Profiling: 1052ms
	BeginReloadAssembly (152ms)
		ExecutionOrderSort (0ms)
		DisableScriptedObjects (6ms)
		BackupInstance (0ms)
		ReleaseScriptingObjects (0ms)
		CreateAndSetChildDomain (66ms)
	RebuildCommonClasses (26ms)
	RebuildNativeTypeToScriptingClass (9ms)
	initialDomainReloadingComplete (16ms)
	LoadAllAssembliesAndSetupDomain (327ms)
		LoadAssemblies (219ms)
		RebuildTransferFunctionScriptingTraits (0ms)
		AnalyzeDomain (145ms)
			TypeCache.Refresh (11ms)
				TypeCache.ScanAssembly (1ms)
			BuildScriptInfoCaches (123ms)
			ResolveRequiredComponents (8ms)
	FinalizeReload (522ms)
		ReleaseScriptCaches (0ms)
		RebuildScriptCaches (0ms)
		SetupLoadedEditorAssemblies (384ms)
			LogAssemblyErrors (0ms)
			InitializePlatformSupportModulesInManaged (3ms)
			SetLoadedEditorAssemblies (3ms)
			BeforeProcessingInitializeOnLoad (78ms)
			ProcessInitializeOnLoadAttributes (258ms)
			ProcessInitializeOnLoadMethodAttributes (42ms)
			AfterProcessingInitializeOnLoad (1ms)
			EditorAssembliesLoaded (0ms)
		ExecutionOrderSort2 (0ms)
		AwakeInstancesAfterBackupRestoration (6ms)
Refreshing native plugins compatible for Editor in 0.47 ms, found 3 plugins.
Preloading 0 native plugins for Editor in 0.00 ms.
Unloading 15 Unused Serialized files (Serialized files now loaded: 0)
Unloading 6924 unused Assets / (4.2 MB). Loaded Objects now: 7685.
Memory consumption went from 160.8 MB to 156.6 MB.
Total: 5.737708 ms (FindLiveObjects: 0.484041 ms CreateObjectMapping: 0.262667 ms MarkObjects: 3.445625 ms  DeleteObjects: 1.545041 ms)

Prepare: number of updated asset objects reloaded= 0
========================================================================
Received Import Request.
  Time since last request: 10.353225 seconds.
  path: Assets/scripts/BootstrapTransport.cs
  artifactKey: Guid(d600d16a59ad64840b8f749c7b3382d7) Importer(815301076,1909f56bfc062723c751e8b465ee728b)
Start importing Assets/scripts/BootstrapTransport.cs using Guid(d600d16a59ad64840b8f749c7b3382d7) Importer(815301076,1909f56bfc062723c751e8b465ee728b) (PreviewImporter) -> (artifact id: 'ec274f3afc302323c7c8cc2beb98bfa3') in 0.000999625 seconds
Number of updated asset objects reloaded before import = 0Number of asset objects unloaded after import = 0

========================================================================
Received Prepare
Assembly with name 'SteamNetworkingSockets Transport for Netcode for GameObjects' already exists (Packages/com.community.netcode.transport.steamnetworkingsockets/Runtime/com.community.netcode.transport.steamnetworkingsockets.asmdef)
Assembly with name 'SteamNetworkingSockets Transport for Netcode for GameObjects' already exists (Assets/SteamTransport/Runtime/com.community.netcode.transport.steamnetworkingsockets.asmdef)
Assembly with name 'com.rlabrecque.steamworks.net' already exists (Assets/com.rlabrecque.steamworks.net/Runtime/com.rlabrecque.steamworks.net.asmdef)
Assembly with name 'com.rlabrecque.steamworks.net' already exists (Packages/com.rlabrecque.steamworks.net/Runtime/com.rlabrecque.steamworks.net.asmdef)
Assembly reference Packages/com.unity.cinemachine/Editor/Samples/ExposeHDRPInternals/HDRP-Editor-ref.asmref has no target assembly definition
Script 'Packages/com.community.netcode.transport.steamnetworkingsockets/Runtime/SteamNetworkingSocketsTransport.cs' will not be compiled because it exists outside the Assets folder and does not to belong to any assembly definition file.
Assembly with name 'SteamNetworkingSockets Transport for Netcode for GameObjects' already exists (Packages/com.community.netcode.transport.steamnetworkingsockets/Runtime/com.community.netcode.transport.steamnetworkingsockets.asmdef)
Assembly with name 'SteamNetworkingSockets Transport for Netcode for GameObjects' already exists (Assets/SteamTransport/Runtime/com.community.netcode.transport.steamnetworkingsockets.asmdef)
Assembly with name 'com.rlabrecque.steamworks.net' already exists (Assets/com.rlabrecque.steamworks.net/Runtime/com.rlabrecque.steamworks.net.asmdef)
Assembly with name 'com.rlabrecque.steamworks.net' already exists (Packages/com.rlabrecque.steamworks.net/Runtime/com.rlabrecque.steamworks.net.asmdef)
Assembly reference Packages/com.unity.cinemachine/Editor/Samples/ExposeHDRPInternals/HDRP-Editor-ref.asmref has no target assembly definition
Script 'Packages/com.community.netcode.transport.steamnetworkingsockets/Runtime/SteamNetworkingSocketsTransport.cs' will not be compiled because it exists outside the Assets folder and does not to belong to any assembly definition file.
Begin MonoManager ReloadAssembly
Thread 0x3195fb000 may have been prematurely finalized
- Loaded All Assemblies, in  0.435 seconds
Assembly with name 'SteamNetworkingSockets Transport for Netcode for GameObjects' already exists (Packages/com.community.netcode.transport.steamnetworkingsockets/Runtime/com.community.netcode.transport.steamnetworkingsockets.asmdef)
Assembly with name 'SteamNetworkingSockets Transport for Netcode for GameObjects' already exists (Assets/SteamTransport/Runtime/com.community.netcode.transport.steamnetworkingsockets.asmdef)
Assembly with name 'com.rlabrecque.steamworks.net' already exists (Assets/com.rlabrecque.steamworks.net/Runtime/com.rlabrecque.steamworks.net.asmdef)
Assembly with name 'com.rlabrecque.steamworks.net' already exists (Packages/com.rlabrecque.steamworks.net/Runtime/com.rlabrecque.steamworks.net.asmdef)
Assembly reference Packages/com.unity.cinemachine/Editor/Samples/ExposeHDRPInternals/HDRP-Editor-ref.asmref has no target assembly definition
Script 'Packages/com.community.netcode.transport.steamnetworkingsockets/Runtime/SteamNetworkingSocketsTransport.cs' will not be compiled because it exists outside the Assets folder and does not to belong to any assembly definition file.
'Packages/com.unity.cinemachine/Editor/Obsolete/CinemachineVirtualCameraBaseEditor.cs' contains partial class of Unity.Object, exactly 1 of the partial classes needs to be in a file with the same filename. This is to know the one that can be referenced from ie. GameObjects
'Packages/com.unity.cinemachine/Editor/Editors/CinemachineVirtualCameraBaseEditor.cs' contains partial class of Unity.Object, exactly 1 of the partial classes needs to be in a file with the same filename. This is to know the one that can be referenced from ie. GameObjects
Refreshing native plugins compatible for Editor in 0.40 ms, found 3 plugins.
Assertion failed on expression: 'pred(*previous, *i)'
Native extension for WindowsStandalone target not found
Native extension for OSXStandalone target not found
Native extension for WebGL target not found
Assembly with name 'SteamNetworkingSockets Transport for Netcode for GameObjects' already exists (Packages/com.community.netcode.transport.steamnetworkingsockets/Runtime/com.community.netcode.transport.steamnetworkingsockets.asmdef)
Assembly with name 'SteamNetworkingSockets Transport for Netcode for GameObjects' already exists (Assets/SteamTransport/Runtime/com.community.netcode.transport.steamnetworkingsockets.asmdef)
Assembly with name 'com.rlabrecque.steamworks.net' already exists (Assets/com.rlabrecque.steamworks.net/Runtime/com.rlabrecque.steamworks.net.asmdef)
Assembly with name 'com.rlabrecque.steamworks.net' already exists (Packages/com.rlabrecque.steamworks.net/Runtime/com.rlabrecque.steamworks.net.asmdef)
Assembly reference Packages/com.unity.cinemachine/Editor/Samples/ExposeHDRPInternals/HDRP-Editor-ref.asmref has no target assembly definition
Script 'Packages/com.community.netcode.transport.steamnetworkingsockets/Runtime/SteamNetworkingSocketsTransport.cs' will not be compiled because it exists outside the Assets folder and does not to belong to any assembly definition file.
[Package Manager] Failed to launch server process. Reason: Unity was launched with the -noUpm command-line argument
[Package Manager] Unable to send message (not connected to server process).
[Package Manager] Cannot connect to Unity Package Manager local server
Refreshing native plugins compatible for Editor in 0.51 ms, found 3 plugins.
Mono: successfully reloaded assembly
- Finished resetting the current domain, in  0.452 seconds
Domain Reload Profiling: 889ms
	BeginReloadAssembly (105ms)
		ExecutionOrderSort (0ms)
		DisableScriptedObjects (3ms)
		BackupInstance (0ms)
		ReleaseScriptingObjects (0ms)
		CreateAndSetChildDomain (45ms)
	RebuildCommonClasses (23ms)
	RebuildNativeTypeToScriptingClass (9ms)
	initialDomainReloadingComplete (12ms)
	LoadAllAssembliesAndSetupDomain (288ms)
		LoadAssemblies (198ms)
		RebuildTransferFunctionScriptingTraits (0ms)
		AnalyzeDomain (120ms)
			TypeCache.Refresh (7ms)
				TypeCache.ScanAssembly (0ms)
			BuildScriptInfoCaches (103ms)
			ResolveRequiredComponents (8ms)
	FinalizeReload (452ms)
		ReleaseScriptCaches (0ms)
		RebuildScriptCaches (0ms)
		SetupLoadedEditorAssemblies (340ms)
			LogAssemblyErrors (0ms)
			InitializePlatformSupportModulesInManaged (2ms)
			SetLoadedEditorAssemblies (2ms)
			BeforeProcessingInitializeOnLoad (72ms)
			ProcessInitializeOnLoadAttributes (223ms)
			ProcessInitializeOnLoadMethodAttributes (40ms)
			AfterProcessingInitializeOnLoad (0ms)
			EditorAssembliesLoaded (0ms)
		ExecutionOrderSort2 (0ms)
		AwakeInstancesAfterBackupRestoration (5ms)
Refreshing native plugins compatible for Editor in 0.57 ms, found 3 plugins.
Preloading 0 native plugins for Editor in 0.00 ms.
Unloading 15 Unused Serialized files (Serialized files now loaded: 0)
Unloading 6924 unused Assets / (4.0 MB). Loaded Objects now: 7687.
Memory consumption went from 160.7 MB to 156.7 MB.
Total: 6.399834 ms (FindLiveObjects: 0.416166 ms CreateObjectMapping: 0.263959 ms MarkObjects: 3.955875 ms  DeleteObjects: 1.763500 ms)

Prepare: number of updated asset objects reloaded= 0
